{"type":"FeatureCollection","note":"Bay Area county boundaries (incl. water) from US Census TIGERweb, State_County layer, simplified to ~30 m (maxAllowableOffset 0.0003 deg). Public domain. Regenerate with the query in service/places/regions.py.","features":[{"type":"Feature","properties":{"county":"Alameda"},"geometry":{"type":"Polygon","coordinates":[[[-122.37312,37.88388],[-122.37378,37.88373],[-122.36778,37.86673],[-122.34668,37.81103],[-122.28178,37.70823],[-122.18668,37.59273],[-122.14917,37.54584],[-122.10957,37.49764],[-122.08147,37.47784],[-122.05193,37.45925],[-122.04782,37.45901],[-122.03618,37.46497],[-122.02542,37.46563],[-122.02115,37.46507],[-121.99667,37.46724],[-121.99267,37.46464],[-121.98001,37.46089],[-121.97507,37.46064],[-121.96416,37.46315],[-121.95931,37.46352],[-121.95192,37.46146],[-121.9496,37.46141],[-121.94784,37.46198],[-121.94641,37.46336],[-121.94617,37.46449],[-121.94709,37.46742],[-121.94645,37.46859],[-121.94491,37.46916],[-121.94414,37.46812],[-121.94423,37.46582],[-121.9431,37.46512],[-121.94109,37.46495],[-121.93924,37.46249],[-121.93603,37.46293],[-121.93499,37.46246],[-121.9353,37.46142],[-121.93473,37.46052],[-121.93237,37.46035],[-121.93338,37.46076],[-121.93209,37.461],[-121.9312,37.46064],[-121.93152,37.45883],[-121.93113,37.45739],[-121.93271,37.45684],[-121.93263,37.45515],[-121.92844,37.45739],[-121.92746,37.4567],[-121.92785,37.45526],[-121.92676,37.45524],[-121.92629,37.45457],[-121.92504,37.45419],[-121.91089,37.46149],[-121.91133,37.46224],[-121.90524,37.46423],[-121.90131,37.46496],[-121.89897,37.46585],[-121.89765,37.46697],[-121.89086,37.46798],[-121.88935,37.4701],[-121.88774,37.47094],[-121.88516,37.47141],[-121.8826,37.47055],[-121.88116,37.47108],[-121.87947,37.47217],[-121.87745,37.47518],[-121.87578,37.475],[-121.87461,37.47577],[-121.87369,37.47784],[-121.87079,37.47945],[-121.86993,37.48168],[-121.86527,37.48464],[-121.74128,37.48394],[-121.68908,37.48283],[-121.47295,37.48233],[-121.47193,37.48178],[-121.4712,37.48283],[-121.4712,37.48503],[-121.47051,37.48546],[-121.47072,37.48612],[-121.46927,37.48969],[-121.47237,37.49223],[-121.47376,37.49278],[-121.47604,37.49542],[-121.47936,37.49648],[-121.48074,37.49978],[-121.48206,37.50144],[-121.48491,37.50124],[-121.49318,37.50242],[-121.49602,37.50494],[-121.49553,37.5052],[-121.49538,37.50813],[-121.49552,37.50866],[-121.49668,37.50921],[-121.49723,37.51246],[-121.49987,37.51511],[-121.49994,37.51624],[-121.50117,37.51687],[-121.50237,37.51847],[-121.49958,37.52014],[-121.49827,37.52243],[-121.50147,37.525],[-121.50442,37.52586],[-121.50991,37.52463],[-121.51151,37.52507],[-121.51528,37.52493],[-121.51675,37.52551],[-121.51913,37.52445],[-121.52233,37.52471],[-121.52386,37.52621],[-121.52789,37.52739],[-121.52882,37.52806],[-121.53039,37.52706],[-121.53269,37.52865],[-121.53508,37.5288],[-121.53708,37.52975],[-121.54061,37.52982],[-121.54183,37.53022],[-121.54328,37.53159],[-121.54575,37.53253],[-121.54685,37.53503],[-121.54836,37.53593],[-121.55045,37.53933],[-121.55665,37.54273],[-121.55726,37.61663],[-121.55686,37.63553],[-121.55716,37.74633],[-121.55666,37.75603],[-121.557,37.81649],[-121.61936,37.80122],[-121.63447,37.797],[-121.6554,37.79267],[-121.78036,37.76183],[-121.96004,37.71853],[-121.97194,37.73032],[-121.9801,37.7311],[-121.9881,37.73315],[-121.99543,37.73835],[-121.9995,37.73843],[-122.00107,37.73903],[-122.01177,37.74743],[-122.01137,37.75403],[-122.01077,37.75513],[-121.99741,37.76336],[-122.0138,37.78013],[-122.01777,37.78123],[-122.02197,37.78423],[-122.03047,37.78773],[-122.04547,37.79813],[-122.06152,37.80009],[-122.06151,37.79921],[-122.1407,37.80472],[-122.14881,37.81376],[-122.15295,37.81503],[-122.15739,37.81795],[-122.16687,37.81342],[-122.17277,37.81583],[-122.17787,37.81632],[-122.18122,37.81934],[-122.18359,37.82048],[-122.18558,37.82073],[-122.18687,37.82208],[-122.18573,37.82537],[-122.18702,37.82754],[-122.18669,37.82988],[-122.18382,37.83435],[-122.18512,37.83735],[-122.18877,37.83774],[-122.19207,37.84025],[-122.19527,37.84163],[-122.19562,37.84191],[-122.19511,37.8436],[-122.1991,37.84669],[-122.20076,37.84744],[-122.2031,37.85119],[-122.2089,37.85194],[-122.21087,37.85423],[-122.21041,37.85507],[-122.21193,37.85695],[-122.21983,37.86477],[-122.22142,37.86547],[-122.21979,37.86733],[-122.21637,37.86908],[-122.21764,37.87225],[-122.2198,37.87349],[-122.22362,37.87857],[-122.22884,37.88102],[-122.23868,37.88333],[-122.24197,37.88193],[-122.24408,37.88322],[-122.24926,37.88697],[-122.24954,37.88931],[-122.25029,37.88983],[-122.24903,37.89076],[-122.25016,37.89336],[-122.25115,37.89384],[-122.25206,37.89348],[-122.25294,37.89376],[-122.25268,37.89502],[-122.2537,37.89619],[-122.25594,37.89603],[-122.25631,37.8968],[-122.25606,37.89842],[-122.25693,37.89984],[-122.25842,37.89898],[-122.25968,37.89988],[-122.26084,37.89969],[-122.26129,37.90139],[-122.26237,37.9017],[-122.26403,37.90377],[-122.26639,37.90443],[-122.26817,37.90397],[-122.27035,37.90439],[-122.27154,37.90494],[-122.27108,37.90582],[-122.2736,37.90507],[-122.27481,37.90387],[-122.27787,37.90315],[-122.27728,37.90172],[-122.27878,37.90074],[-122.28364,37.9],[-122.28416,37.8993],[-122.28751,37.89841],[-122.28844,37.8976],[-122.29654,37.89893],[-122.30017,37.89794],[-122.30218,37.89852],[-122.31284,37.89735],[-122.37312,37.88388]]]}},{"type":"Feature","properties":{"county":"Contra Costa"},"geometry":{"type":"Polygon","coordinates":[[[-121.69732,37.78244],[-121.6554,37.79267],[-121.63447,37.797],[-121.61936,37.80122],[-121.557,37.81649],[-121.55694,37.81722],[-121.55451,37.81759],[-121.55331,37.81883],[-121.55208,37.8225],[-121.5525,37.82403],[-121.55115,37.8251],[-121.55127,37.82599],[-121.55224,37.82713],[-121.5518,37.82771],[-121.5521,37.8297],[-121.54946,37.83357],[-121.54774,37.83338],[-121.54587,37.83234],[-121.54419,37.83254],[-121.54247,37.83337],[-121.54129,37.83577],[-121.53805,37.83776],[-121.53891,37.83954],[-121.53799,37.84091],[-121.53816,37.84264],[-121.53667,37.8444],[-121.53659,37.84665],[-121.53493,37.84754],[-121.5341,37.84946],[-121.5347,37.85035],[-121.53721,37.85084],[-121.53904,37.84888],[-121.54004,37.84884],[-121.54072,37.84941],[-121.54203,37.8518],[-121.54136,37.85311],[-121.54148,37.85522],[-121.54035,37.85672],[-121.54064,37.8576],[-121.54168,37.85762],[-121.5475,37.85523],[-121.54899,37.85625],[-121.55168,37.8604],[-121.55284,37.86118],[-121.55374,37.85923],[-121.55525,37.85801],[-121.55925,37.85885],[-121.56033,37.8586],[-121.56227,37.85643],[-121.5623,37.85568],[-121.56122,37.85428],[-121.56198,37.85314],[-121.56334,37.85423],[-121.5659,37.85786],[-121.56671,37.85801],[-121.56802,37.85704],[-121.57045,37.85759],[-121.57059,37.85801],[-121.56829,37.86],[-121.56898,37.86057],[-121.57068,37.86065],[-121.57426,37.85984],[-121.57802,37.85782],[-121.57897,37.8585],[-121.57943,37.86016],[-121.57913,37.86151],[-121.57444,37.86376],[-121.5738,37.86432],[-121.57339,37.86575],[-121.57514,37.86771],[-121.57933,37.87064],[-121.57942,37.8723],[-121.57819,37.87548],[-121.57387,37.8834],[-121.57555,37.8865],[-121.57585,37.88829],[-121.57496,37.88945],[-121.56838,37.89168],[-121.56641,37.89521],[-121.5659,37.89767],[-121.56695,37.89991],[-121.56816,37.90102],[-121.57177,37.9025],[-121.57282,37.9043],[-121.57092,37.90596],[-121.56477,37.90901],[-121.56329,37.9106],[-121.56321,37.91222],[-121.56598,37.91626],[-121.56566,37.91849],[-121.56511,37.91917],[-121.55826,37.92138],[-121.55727,37.92201],[-121.55641,37.92364],[-121.55849,37.92621],[-121.5589,37.92793],[-121.55848,37.92957],[-121.55712,37.93146],[-121.55727,37.93225],[-121.56146,37.93589],[-121.56185,37.93822],[-121.56088,37.93988],[-121.56147,37.94155],[-121.56324,37.94268],[-121.56362,37.94344],[-121.56279,37.94469],[-121.55818,37.94538],[-121.55758,37.9465],[-121.55785,37.94701],[-121.56068,37.94758],[-121.56364,37.94611],[-121.56555,37.94417],[-121.56741,37.94398],[-121.5686,37.94546],[-121.56885,37.94845],[-121.56795,37.94985],[-121.56369,37.95351],[-121.56351,37.95474],[-121.56526,37.95511],[-121.57359,37.95376],[-121.57519,37.95504],[-121.57514,37.95624],[-121.5745,37.95694],[-121.57158,37.95753],[-121.56559,37.95778],[-121.56497,37.95896],[-121.56571,37.96051],[-121.57012,37.96326],[-121.57371,37.96643],[-121.57385,37.97058],[-121.57482,37.97303],[-121.58021,37.97637],[-121.57999,37.97697],[-121.57861,37.97763],[-121.57329,37.97765],[-121.57239,37.97905],[-121.57358,37.98031],[-121.57953,37.98155],[-121.58236,37.98346],[-121.58102,37.98953],[-121.57608,37.99485],[-121.57627,37.99587],[-121.57736,37.99713],[-121.57924,37.99811],[-121.57783,37.99903],[-121.57265,37.99869],[-121.57056,37.99903],[-121.56989,37.99953],[-121.56884,38.00223],[-121.56961,38.00316],[-121.57485,38.00308],[-121.57824,38.0039],[-121.57946,38.00542],[-121.57991,38.00778],[-121.5785,38.01028],[-121.57702,38.01111],[-121.57331,38.01172],[-121.56815,38.01138],[-121.56715,38.01198],[-121.56697,38.01353],[-121.5726,38.0164],[-121.57262,38.018],[-121.57205,38.01841],[-121.568,38.01852],[-121.56643,38.01807],[-121.56449,38.01661],[-121.56107,38.01544],[-121.55832,38.01573],[-121.55753,38.01662],[-121.55884,38.01943],[-121.56224,38.02255],[-121.56375,38.02476],[-121.56449,38.02622],[-121.56423,38.0297],[-121.56531,38.0303],[-121.57082,38.02976],[-121.57139,38.03042],[-121.57181,38.03138],[-121.57082,38.038],[-121.57127,38.0401],[-121.57301,38.04215],[-121.57415,38.04279],[-121.57763,38.04296],[-121.58019,38.04127],[-121.58079,38.03879],[-121.57795,38.03382],[-121.57811,38.03307],[-121.57883,38.03264],[-121.58081,38.03202],[-121.58169,38.03235],[-121.58358,38.03438],[-121.58439,38.03603],[-121.58508,38.04027],[-121.58472,38.04355],[-121.58231,38.05144],[-121.58243,38.05381],[-121.58388,38.0599],[-121.58224,38.06439],[-121.5822,38.06842],[-121.58138,38.06917],[-121.576,38.07115],[-121.57289,38.07374],[-121.57292,38.07424],[-121.57675,38.07819],[-121.57776,38.08947],[-121.57925,38.09342],[-121.58002,38.09441],[-121.58128,38.09394],[-121.58225,38.09489],[-121.58528,38.09637],[-121.60492,38.09988],[-121.61365,38.09965],[-121.62738,38.09836],[-121.62899,38.09726],[-121.6326,38.08861],[-121.63424,38.08722],[-121.63809,38.08613],[-121.64518,38.08741],[-121.64698,38.08833],[-121.64875,38.09004],[-121.66187,38.09562],[-121.67307,38.09352],[-121.67927,38.08932],[-121.68187,38.08202],[-121.68025,38.07665],[-121.67962,38.06947],[-121.67976,38.06512],[-121.68086,38.06213],[-121.68376,38.05902],[-121.69167,38.05352],[-121.69977,38.04522],[-121.70956,38.03994],[-121.71687,38.03772],[-121.72556,38.03382],[-121.73237,38.02912],[-121.73782,38.02663],[-121.74891,38.02436],[-121.75825,38.02413],[-121.76347,38.02352],[-121.77749,38.01892],[-121.78314,38.01854],[-121.79077,38.01862],[-121.79486,38.01946],[-121.79802,38.02086],[-121.80127,38.02162],[-121.80931,38.02032],[-121.81451,38.02076],[-121.81695,38.02152],[-121.82267,38.02532],[-121.82807,38.02802],[-121.83212,38.0311],[-121.8342,38.03473],[-121.83794,38.03894],[-121.84056,38.04527],[-121.84166,38.05197],[-121.8468,38.05996],[-121.85364,38.06478],[-121.86214,38.06607],[-121.86253,38.0659],[-121.86365,38.06238],[-121.8674,38.05689],[-121.8711,38.05303],[-121.87474,38.05068],[-121.88018,38.04871],[-121.88957,38.04666],[-121.9068,38.045],[-121.92212,38.0459],[-121.93543,38.04879],[-121.94519,38.05242],[-121.95091,38.05392],[-121.95092,38.05498],[-121.96221,38.06137],[-121.97228,38.06554],[-121.97744,38.06684],[-121.98316,38.0673],[-122.01518,38.06348],[-122.02841,38.05919],[-122.03626,38.0602],[-122.05087,38.0602],[-122.0611,38.06214],[-122.0673,38.06008],[-122.07743,38.054],[-122.08875,38.05009],[-122.09313,38.04927],[-122.09873,38.04746],[-122.12099,38.03799],[-122.12397,38.03572],[-122.13154,38.03449],[-122.13937,38.03218],[-122.14858,38.03172],[-122.16,38.03344],[-122.16458,38.03472],[-122.16758,38.03672],[-122.1761,38.04777],[-122.18386,38.054],[-122.20085,38.05793],[-122.22799,38.06121],[-122.24525,38.06397],[-122.26535,38.05992],[-122.27838,38.06142],[-122.34745,38.07326],[-122.37598,38.04847],[-122.39278,38.02702],[-122.44158,37.97392],[-122.44148,37.96062],[-122.44098,37.95742],[-122.43498,37.93682],[-122.43228,37.92982],[-122.37378,37.88373],[-122.31284,37.89735],[-122.30218,37.89852],[-122.30017,37.89794],[-122.29654,37.89893],[-122.28844,37.8976],[-122.28751,37.89841],[-122.28416,37.8993],[-122.28364,37.9],[-122.27878,37.90074],[-122.27728,37.90172],[-122.27787,37.90315],[-122.27481,37.90387],[-122.2736,37.90507],[-122.27108,37.90582],[-122.27154,37.90494],[-122.27035,37.90439],[-122.26817,37.90397],[-122.26639,37.90443],[-122.26403,37.90377],[-122.26237,37.9017],[-122.26129,37.90139],[-122.26084,37.89969],[-122.25968,37.89988],[-122.25842,37.89898],[-122.25693,37.89984],[-122.25606,37.89842],[-122.25631,37.8968],[-122.25594,37.89603],[-122.2537,37.89619],[-122.25268,37.89502],[-122.25294,37.89376],[-122.25206,37.89348],[-122.25115,37.89384],[-122.25016,37.89336],[-122.24903,37.89076],[-122.25029,37.88983],[-122.24954,37.88931],[-122.24926,37.88697],[-122.24408,37.88322],[-122.24197,37.88193],[-122.23868,37.88333],[-122.22884,37.88102],[-122.22362,37.87857],[-122.2198,37.87349],[-122.21764,37.87225],[-122.21637,37.86908],[-122.21979,37.86733],[-122.22142,37.86547],[-122.21983,37.86477],[-122.21193,37.85695],[-122.21041,37.85507],[-122.21087,37.85423],[-122.2089,37.85194],[-122.2031,37.85119],[-122.20076,37.84744],[-122.1991,37.84669],[-122.19511,37.8436],[-122.19562,37.84191],[-122.19527,37.84163],[-122.19207,37.84025],[-122.18877,37.83774],[-122.18512,37.83735],[-122.18382,37.83435],[-122.18669,37.82988],[-122.18702,37.82754],[-122.18573,37.82537],[-122.18687,37.82208],[-122.18558,37.82073],[-122.18359,37.82048],[-122.18122,37.81934],[-122.17787,37.81632],[-122.17277,37.81583],[-122.16687,37.81342],[-122.15739,37.81795],[-122.15295,37.81503],[-122.14881,37.81376],[-122.1407,37.80472],[-122.06151,37.79921],[-122.06152,37.80009],[-122.04547,37.79813],[-122.03047,37.78773],[-122.02197,37.78423],[-122.01777,37.78123],[-122.0138,37.78013],[-121.99741,37.76336],[-122.01077,37.75513],[-122.01137,37.75403],[-122.01177,37.74743],[-122.00107,37.73903],[-121.9995,37.73843],[-121.99543,37.73835],[-121.9881,37.73315],[-121.9801,37.7311],[-121.97194,37.73032],[-121.96004,37.71853],[-121.78036,37.76183],[-121.69732,37.78244]]]}},{"type":"Feature","properties":{"county":"Marin"},"geometry":{"type":"Polygon","coordinates":[[[-122.47283,37.83189],[-122.41867,37.8525],[-122.42268,37.87813],[-122.43228,37.92982],[-122.43498,37.93682],[-122.44098,37.95742],[-122.44148,37.96062],[-122.44158,37.97392],[-122.39278,38.02702],[-122.37598,38.04847],[-122.34745,38.07326],[-122.45199,38.09852],[-122.49335,38.11055],[-122.49906,38.11135],[-122.5019,38.11242],[-122.5049,38.11473],[-122.50793,38.1181],[-122.51129,38.12492],[-122.51183,38.12844],[-122.51314,38.13223],[-122.51595,38.13645],[-122.5201,38.1407],[-122.52396,38.14351],[-122.53156,38.14715],[-122.53483,38.1492],[-122.5415,38.15518],[-122.54447,38.15872],[-122.54569,38.15866],[-122.5476,38.15747],[-122.54961,38.15729],[-122.55592,38.15899],[-122.55792,38.16016],[-122.55843,38.16197],[-122.55799,38.16353],[-122.55599,38.16547],[-122.55296,38.16703],[-122.55196,38.16815],[-122.55198,38.169],[-122.55329,38.16998],[-122.55432,38.17011],[-122.55924,38.16862],[-122.56319,38.16932],[-122.56426,38.17069],[-122.56399,38.17352],[-122.56446,38.17508],[-122.56849,38.17702],[-122.56629,38.17942],[-122.5652,38.18182],[-122.56528,38.18271],[-122.56893,38.18452],[-122.57059,38.18712],[-122.5725,38.18707],[-122.57319,38.18632],[-122.57241,38.18526],[-122.57064,38.1844],[-122.57069,38.18352],[-122.5782,38.18358],[-122.5798,38.18554],[-122.58196,38.18617],[-122.58212,38.18802],[-122.5833,38.18698],[-122.58451,38.18807],[-122.58662,38.18784],[-122.5881,38.18654],[-122.58979,38.18663],[-122.59009,38.18608],[-122.59089,38.18594],[-122.59184,38.18653],[-122.59146,38.18763],[-122.59281,38.18878],[-122.59493,38.18838],[-122.59658,38.1874],[-122.5979,38.18735],[-122.6009,38.18528],[-122.60164,38.18334],[-122.60334,38.18098],[-122.60411,38.18063],[-122.6087,38.18077],[-122.61,38.1813],[-122.6125,38.18059],[-122.61511,38.18235],[-122.62018,38.18265],[-122.62146,38.18192],[-122.62265,38.18262],[-122.62396,38.18202],[-122.6257,38.18234],[-122.62601,38.18088],[-122.62712,38.18055],[-122.62701,38.17989],[-122.62818,38.17889],[-122.63578,38.17865],[-122.63795,38.18025],[-122.6429,38.18104],[-122.64924,38.18113],[-122.65253,38.18342],[-122.65373,38.18484],[-122.65523,38.18497],[-122.65861,38.18678],[-122.6639,38.1864],[-122.66401,38.1872],[-122.66625,38.18858],[-122.66716,38.1897],[-122.67288,38.18983],[-122.67545,38.18899],[-122.6766,38.18977],[-122.68056,38.18963],[-122.68263,38.19161],[-122.68387,38.19187],[-122.68641,38.19367],[-122.68645,38.19424],[-122.68792,38.19474],[-122.6908,38.19446],[-122.69207,38.19502],[-122.69633,38.19523],[-122.69902,38.1963],[-122.70139,38.1961],[-122.7027,38.19773],[-122.70444,38.19846],[-122.70601,38.19829],[-122.71434,38.20122],[-122.71504,38.2034],[-122.71771,38.20501],[-122.72299,38.20713],[-122.7399,38.20702],[-122.89844,38.31452],[-122.89993,38.31679],[-122.90231,38.31684],[-122.90816,38.31429],[-122.9095,38.31439],[-122.91088,38.31709],[-122.91016,38.31789],[-122.90723,38.31873],[-122.90666,38.31994],[-122.90811,38.32075],[-122.91108,38.32123],[-122.9125,38.32036],[-122.91596,38.32032],[-122.91816,38.31779],[-122.92095,38.31684],[-122.91964,38.31465],[-122.91689,38.3134],[-122.91648,38.31281],[-122.91768,38.31167],[-122.91802,38.31027],[-122.92159,38.30855],[-122.9227,38.30884],[-122.92381,38.31152],[-122.92564,38.31274],[-122.92841,38.3128],[-122.93244,38.31174],[-122.93538,38.3096],[-122.93665,38.31039],[-122.93682,38.31118],[-122.93622,38.31217],[-122.93399,38.31296],[-122.9338,38.31359],[-122.93426,38.31401],[-122.93732,38.31313],[-122.9375,38.31207],[-122.93971,38.31085],[-122.94403,38.31267],[-122.94531,38.31145],[-122.94675,38.31121],[-122.94934,38.31188],[-122.95171,38.31325],[-122.95602,38.31373],[-122.96162,38.31665],[-122.96612,38.31697],[-122.96731,38.31599],[-122.96751,38.31365],[-122.96836,38.31272],[-122.96905,38.3108],[-122.97004,38.31013],[-122.97108,38.30994],[-122.97432,38.31151],[-122.97716,38.31093],[-122.98161,38.31113],[-122.98316,38.31041],[-122.98413,38.30822],[-122.98474,38.30795],[-122.98771,38.30812],[-122.99112,38.30558],[-122.99313,38.30644],[-122.99475,38.30619],[-122.99513,38.30571],[-122.99414,38.30399],[-122.99358,38.30008],[-122.99484,38.29905],[-122.99773,38.29872],[-123.00111,38.29745],[-123.00273,38.29571],[-123.12612,38.29556],[-123.13452,38.29626],[-123.12612,38.28728],[-123.12377,38.28579],[-123.12347,38.28431],[-123.11959,38.2771],[-123.11097,38.26726],[-123.10344,38.26232],[-123.10096,38.26136],[-123.05196,38.21585],[-123.04962,38.21429],[-123.04892,38.21147],[-123.04582,38.20493],[-123.04039,38.19836],[-123.03894,38.19753],[-123.0379,38.19249],[-123.0348,38.18602],[-123.03292,38.18297],[-123.03134,38.18146],[-123.03153,38.1781],[-123.03048,38.17246],[-123.02721,38.16417],[-123.02306,38.15817],[-123.01482,38.14913],[-123.0237,38.12492],[-123.0638,38.03649],[-123.06725,38.03402],[-123.0747,38.0272],[-123.0812,38.01897],[-123.08295,38.01533],[-123.08513,38.00843],[-123.08566,37.99993],[-123.08388,37.98337],[-123.07939,37.97194],[-123.07419,37.96489],[-123.06797,37.95867],[-123.05903,37.95284],[-123.05008,37.94802],[-123.04112,37.94547],[-123.02251,37.94206],[-122.97643,37.94015],[-122.95322,37.94109],[-122.93797,37.94444],[-122.93193,37.94667],[-122.91917,37.95484],[-122.9134,37.95977],[-122.90924,37.96464],[-122.90549,37.97057],[-122.90228,37.97739],[-122.89742,37.97575],[-122.88929,37.97411],[-122.87906,37.96658],[-122.8761,37.96634],[-122.87519,37.96479],[-122.87272,37.96248],[-122.86866,37.95949],[-122.86396,37.95723],[-122.85958,37.95225],[-122.85457,37.94763],[-122.85046,37.94559],[-122.84608,37.9316],[-122.84213,37.92332],[-122.8389,37.91891],[-122.83323,37.91341],[-122.82537,37.90709],[-122.81413,37.90108],[-122.78903,37.89376],[-122.78704,37.88812],[-122.78547,37.88528],[-122.77914,37.87613],[-122.77371,37.87085],[-122.76677,37.8658],[-122.75247,37.8577],[-122.74026,37.85517],[-122.73067,37.85006],[-122.72431,37.84768],[-122.71585,37.84563],[-122.70468,37.8443],[-122.69199,37.84501],[-122.67565,37.84852],[-122.66742,37.84173],[-122.65561,37.83582],[-122.64316,37.83045],[-122.63247,37.82781],[-122.62958,37.82437],[-122.62611,37.8216],[-122.61229,37.81522],[-122.52971,37.81515],[-122.52893,37.81549],[-122.52802,37.8151],[-122.52782,37.8157],[-122.52889,37.81692],[-122.52859,37.81764],[-122.52931,37.81868],[-122.52885,37.82011],[-122.52776,37.82078],[-122.52553,37.82112],[-122.52533,37.82251],[-122.52416,37.82265],[-122.52461,37.82336],[-122.52383,37.82455],[-122.52286,37.82493],[-122.51849,37.82529],[-122.51688,37.82467],[-122.51593,37.8253],[-122.51244,37.82452],[-122.51129,37.8247],[-122.50586,37.82306],[-122.50448,37.82103],[-122.50287,37.8209],[-122.50165,37.82149],[-122.50177,37.8209],[-122.50071,37.81985],[-122.4991,37.81988],[-122.49979,37.82086],[-122.49962,37.82188],[-122.49584,37.82214],[-122.49319,37.82466],[-122.49212,37.82508],[-122.49122,37.8266],[-122.4899,37.8269],[-122.4862,37.82624],[-122.48456,37.82688],[-122.48323,37.82629],[-122.48326,37.82564],[-122.48182,37.82606],[-122.47809,37.82535],[-122.4787,37.82949],[-122.47844,37.83091],[-122.47703,37.83115],[-122.47801,37.83304],[-122.47449,37.83364],[-122.47394,37.83219],[-122.47283,37.83189]]]}},{"type":"Feature","properties":{"county":"Napa"},"geometry":{"type":"Polygon","coordinates":[[[-122.10363,38.51216],[-122.10413,38.51349],[-122.10362,38.51509],[-122.10461,38.51692],[-122.1096,38.52141],[-122.10941,38.52302],[-122.10998,38.52412],[-122.11103,38.52356],[-122.11156,38.52405],[-122.11301,38.52718],[-122.11321,38.52934],[-122.11203,38.52968],[-122.1116,38.53088],[-122.1129,38.53273],[-122.11409,38.53294],[-122.11501,38.53394],[-122.11529,38.5352],[-122.11496,38.53682],[-122.11386,38.5379],[-122.11422,38.53943],[-122.1158,38.54227],[-122.11734,38.54681],[-122.11833,38.55152],[-122.12035,38.55639],[-122.12073,38.55986],[-122.12207,38.56164],[-122.12331,38.56501],[-122.12133,38.56687],[-122.12155,38.5689],[-122.12678,38.58142],[-122.12603,38.58383],[-122.12698,38.58744],[-122.12876,38.59095],[-122.12986,38.59167],[-122.13158,38.59465],[-122.13161,38.59768],[-122.13333,38.60009],[-122.13477,38.60354],[-122.13439,38.60463],[-122.13799,38.61027],[-122.14002,38.61011],[-122.1417,38.61171],[-122.14247,38.61272],[-122.14369,38.61638],[-122.14653,38.61989],[-122.14787,38.62053],[-122.14883,38.62221],[-122.14942,38.62227],[-122.14938,38.62332],[-122.14837,38.62458],[-122.14935,38.62546],[-122.15142,38.62482],[-122.15356,38.62309],[-122.15583,38.6227],[-122.15949,38.61928],[-122.16064,38.61963],[-122.16404,38.61789],[-122.16646,38.61966],[-122.16676,38.62132],[-122.16606,38.62281],[-122.16659,38.62358],[-122.16621,38.62497],[-122.16718,38.6256],[-122.16756,38.62807],[-122.1687,38.62987],[-122.16784,38.63062],[-122.16614,38.63076],[-122.16503,38.63189],[-122.16076,38.63281],[-122.15917,38.63511],[-122.15998,38.63685],[-122.16416,38.64059],[-122.16425,38.64147],[-122.16338,38.64265],[-122.16034,38.64395],[-122.16136,38.64579],[-122.1613,38.6476],[-122.16355,38.65024],[-122.16441,38.65278],[-122.1661,38.65518],[-122.17429,38.65891],[-122.17574,38.65835],[-122.17995,38.65821],[-122.18093,38.65717],[-122.19007,38.66348],[-122.19069,38.665],[-122.19231,38.66693],[-122.1966,38.66975],[-122.19894,38.67423],[-122.20211,38.67774],[-122.20109,38.67918],[-122.19987,38.67958],[-122.19919,38.68047],[-122.19804,38.68362],[-122.19902,38.68454],[-122.19972,38.68681],[-122.20057,38.68702],[-122.20043,38.68856],[-122.20147,38.68973],[-122.20135,38.69066],[-122.20368,38.69289],[-122.20561,38.69382],[-122.20538,38.69462],[-122.20646,38.69578],[-122.20917,38.69548],[-122.21027,38.69616],[-122.21106,38.69601],[-122.21049,38.69472],[-122.21182,38.69348],[-122.2127,38.69334],[-122.21548,38.69495],[-122.21654,38.69524],[-122.21749,38.69481],[-122.21839,38.69521],[-122.22217,38.69856],[-122.22289,38.70029],[-122.22227,38.70141],[-122.2223,38.7034],[-122.22151,38.7047],[-122.22357,38.70791],[-122.22357,38.70956],[-122.22427,38.71065],[-122.22391,38.71141],[-122.22459,38.71604],[-122.22679,38.71958],[-122.22659,38.72068],[-122.22423,38.72128],[-122.22375,38.72227],[-122.22499,38.72397],[-122.22481,38.7252],[-122.22559,38.72568],[-122.22514,38.72741],[-122.22547,38.72782],[-122.227,38.72784],[-122.22846,38.72959],[-122.22837,38.73037],[-122.22931,38.73123],[-122.22896,38.73248],[-122.23001,38.73285],[-122.23,38.73432],[-122.23088,38.73544],[-122.23306,38.73678],[-122.23212,38.73805],[-122.23247,38.73854],[-122.23407,38.73886],[-122.23396,38.74041],[-122.23532,38.74067],[-122.2364,38.74227],[-122.23714,38.74215],[-122.2386,38.74329],[-122.24028,38.74326],[-122.24129,38.74641],[-122.2424,38.74781],[-122.24207,38.7486],[-122.24265,38.74969],[-122.24444,38.75088],[-122.24593,38.75107],[-122.2469,38.75315],[-122.24778,38.75358],[-122.24866,38.75507],[-122.24868,38.75816],[-122.24955,38.7589],[-122.24997,38.76038],[-122.24956,38.7617],[-122.25032,38.76307],[-122.24992,38.7649],[-122.2503,38.76672],[-122.25168,38.7705],[-122.25201,38.7732],[-122.25325,38.77483],[-122.25336,38.77708],[-122.25462,38.78009],[-122.25447,38.78159],[-122.25725,38.78569],[-122.25875,38.78645],[-122.25899,38.78762],[-122.25839,38.78839],[-122.25846,38.78945],[-122.26057,38.79094],[-122.26029,38.79222],[-122.26129,38.79402],[-122.26332,38.79598],[-122.26445,38.79632],[-122.2658,38.80069],[-122.26801,38.80156],[-122.26967,38.80331],[-122.26998,38.80502],[-122.27341,38.80973],[-122.27406,38.81142],[-122.27365,38.81324],[-122.27436,38.81405],[-122.27479,38.81597],[-122.27599,38.8174],[-122.27597,38.81943],[-122.27757,38.82158],[-122.27937,38.82263],[-122.27963,38.82389],[-122.2817,38.82593],[-122.28183,38.82779],[-122.2823,38.82807],[-122.28275,38.83033],[-122.28425,38.8325],[-122.28478,38.83542],[-122.2876,38.83997],[-122.29527,38.8388],[-122.29707,38.83946],[-122.30172,38.8395],[-122.30225,38.84043],[-122.30223,38.84191],[-122.30294,38.84257],[-122.30701,38.84107],[-122.30954,38.84092],[-122.31116,38.83993],[-122.31535,38.83958],[-122.31723,38.84077],[-122.31866,38.8433],[-122.32405,38.84625],[-122.32632,38.84556],[-122.33029,38.84231],[-122.33243,38.84252],[-122.33459,38.84377],[-122.33847,38.842],[-122.33927,38.84242],[-122.34223,38.84218],[-122.34405,38.84064],[-122.34463,38.83898],[-122.34578,38.83889],[-122.34768,38.83639],[-122.35072,38.83587],[-122.35362,38.83727],[-122.35516,38.8375],[-122.35718,38.83937],[-122.36227,38.84089],[-122.36577,38.84295],[-122.36832,38.84319],[-122.37019,38.84485],[-122.37124,38.84455],[-122.37273,38.84524],[-122.37367,38.84743],[-122.37617,38.84903],[-122.37777,38.84942],[-122.3787,38.84898],[-122.38158,38.85016],[-122.38537,38.85263],[-122.38494,38.85348],[-122.38594,38.85379],[-122.38813,38.85631],[-122.38978,38.85646],[-122.39174,38.8582],[-122.39362,38.86249],[-122.3956,38.8643],[-122.4038,38.85584],[-122.40274,38.85568],[-122.40165,38.85616],[-122.39954,38.85411],[-122.39955,38.85331],[-122.39798,38.8512],[-122.39678,38.85088],[-122.39687,38.85026],[-122.39552,38.84786],[-122.39401,38.84731],[-122.39392,38.84634],[-122.3944,38.84585],[-122.3922,38.84476],[-122.39242,38.84403],[-122.39089,38.84267],[-122.39061,38.8405],[-122.38999,38.84001],[-122.39031,38.83931],[-122.38959,38.83836],[-122.38686,38.83703],[-122.38614,38.83549],[-122.3851,38.83472],[-122.38424,38.83487],[-122.38315,38.83401],[-122.38173,38.83407],[-122.38113,38.83213],[-122.37988,38.83157],[-122.37944,38.82981],[-122.37537,38.82645],[-122.37684,38.82375],[-122.37679,38.82215],[-122.37548,38.82131],[-122.37484,38.81947],[-122.37544,38.81886],[-122.37524,38.8182],[-122.37391,38.81747],[-122.37362,38.81673],[-122.37525,38.81387],[-122.3742,38.81192],[-122.37496,38.81076],[-122.37552,38.80831],[-122.37781,38.80691],[-122.37871,38.80582],[-122.37974,38.80215],[-122.38208,38.80236],[-122.38287,38.80198],[-122.38658,38.80245],[-122.38806,38.80329],[-122.38981,38.80253],[-122.39147,38.80344],[-122.39383,38.80358],[-122.39749,38.80495],[-122.40072,38.80214],[-122.40184,38.79998],[-122.40441,38.79863],[-122.40595,38.79499],[-122.40743,38.79387],[-122.40861,38.78823],[-122.41116,38.78744],[-122.41271,38.78603],[-122.41151,38.78525],[-122.41012,38.786],[-122.40795,38.78452],[-122.40855,38.78215],[-122.40749,38.78109],[-122.4073,38.78021],[-122.40879,38.77937],[-122.40859,38.77802],[-122.40925,38.77626],[-122.40761,38.77615],[-122.40599,38.77482],[-122.40427,38.77448],[-122.40298,38.77354],[-122.40305,38.77298],[-122.40863,38.77142],[-122.41626,38.768],[-122.46411,38.70613],[-122.63348,38.6693],[-122.62848,38.66903],[-122.62327,38.66435],[-122.62319,38.66255],[-122.62412,38.66022],[-122.62388,38.65948],[-122.62438,38.65803],[-122.62394,38.65715],[-122.624,38.6554],[-122.62327,38.65458],[-122.6231,38.65352],[-122.62388,38.65057],[-122.6242,38.64981],[-122.62695,38.64756],[-122.62759,38.64551],[-122.62729,38.64461],[-122.63287,38.64045],[-122.6341,38.63755],[-122.6319,38.632],[-122.6317,38.63037],[-122.63251,38.62796],[-122.62935,38.62715],[-122.62934,38.62578],[-122.62829,38.62304],[-122.63376,38.61992],[-122.63345,38.61619],[-122.63473,38.61457],[-122.63636,38.61398],[-122.63701,38.61293],[-122.63975,38.61173],[-122.64015,38.6102],[-122.63906,38.6092],[-122.64172,38.60556],[-122.64172,38.60485],[-122.64281,38.60487],[-122.6446,38.60294],[-122.64425,38.60164],[-122.64661,38.59911],[-122.64662,38.5981],[-122.6452,38.59774],[-122.64389,38.59613],[-122.64362,38.59462],[-122.64235,38.59391],[-122.63986,38.59001],[-122.63807,38.5892],[-122.63764,38.58813],[-122.63499,38.58639],[-122.63542,38.58558],[-122.63458,38.58142],[-122.63342,38.58009],[-122.63161,38.57984],[-122.63124,38.57879],[-122.63019,38.5785],[-122.63192,38.57647],[-122.63091,38.57508],[-122.63189,38.57407],[-122.63169,38.57344],[-122.63258,38.57181],[-122.63183,38.56937],[-122.63086,38.56919],[-122.6288,38.57031],[-122.62666,38.5702],[-122.62545,38.56975],[-122.62415,38.56818],[-122.62268,38.56769],[-122.62206,38.56671],[-122.62042,38.56567],[-122.62101,38.56433],[-122.62083,38.5624],[-122.6212,38.56212],[-122.62071,38.5614],[-122.62085,38.56032],[-122.61432,38.55868],[-122.61108,38.55842],[-122.60808,38.5599],[-122.60587,38.55884],[-122.60316,38.55881],[-122.60274,38.5578],[-122.60132,38.55695],[-122.60102,38.55593],[-122.59509,38.55509],[-122.59322,38.5535],[-122.59023,38.55379],[-122.58844,38.55249],[-122.58731,38.55265],[-122.58729,38.55183],[-122.58611,38.55148],[-122.5858,38.5507],[-122.58629,38.55003],[-122.58585,38.54939],[-122.58215,38.5494],[-122.58229,38.54852],[-122.58139,38.54741],[-122.57971,38.54651],[-122.57719,38.54231],[-122.57403,38.54043],[-122.57371,38.53834],[-122.57232,38.53738],[-122.57248,38.53596],[-122.57111,38.53515],[-122.57081,38.53374],[-122.56955,38.53311],[-122.56997,38.53184],[-122.56952,38.53119],[-122.57029,38.53],[-122.56893,38.52888],[-122.56707,38.5287],[-122.56622,38.52815],[-122.56705,38.5267],[-122.5666,38.52555],[-122.56382,38.52537],[-122.56245,38.52709],[-122.55774,38.5257],[-122.55416,38.52617],[-122.55242,38.52535],[-122.55124,38.52418],[-122.5513,38.52305],[-122.55053,38.52199],[-122.54714,38.5226],[-122.54683,38.52116],[-122.54497,38.52084],[-122.54389,38.51997],[-122.54434,38.51917],[-122.54323,38.51803],[-122.54377,38.51744],[-122.54487,38.5175],[-122.54529,38.51671],[-122.5448,38.51614],[-122.54327,38.51582],[-122.54181,38.51414],[-122.54172,38.51328],[-122.54457,38.51258],[-122.54707,38.51258],[-122.55002,38.51118],[-122.54897,38.51131],[-122.54722,38.51034],[-122.54608,38.50891],[-122.54635,38.50783],[-122.54553,38.5068],[-122.54316,38.50749],[-122.54266,38.50716],[-122.54296,38.50626],[-122.5415,38.50519],[-122.54156,38.50408],[-122.54109,38.50397],[-122.54075,38.50308],[-122.5387,38.50302],[-122.53824,38.50227],[-122.53593,38.50228],[-122.53531,38.50169],[-122.53693,38.50035],[-122.53782,38.49816],[-122.54262,38.49909],[-122.54395,38.49826],[-122.5449,38.49629],[-122.54439,38.49517],[-122.54178,38.49319],[-122.54104,38.49209],[-122.54037,38.48867],[-122.53799,38.48673],[-122.53801,38.48547],[-122.53664,38.48393],[-122.53639,38.48271],[-122.53368,38.48132],[-122.53128,38.47854],[-122.53086,38.47725],[-122.53112,38.47597],[-122.52971,38.47369],[-122.53002,38.47257],[-122.5296,38.46957],[-122.52616,38.46969],[-122.52432,38.47053],[-122.52264,38.47018],[-122.52015,38.47141],[-122.51892,38.4705],[-122.51591,38.47088],[-122.51104,38.46716],[-122.5097,38.46733],[-122.50582,38.4647],[-122.50609,38.46411],[-122.50791,38.46448],[-122.50973,38.46216],[-122.50855,38.46032],[-122.50857,38.45918],[-122.50977,38.45818],[-122.50957,38.45742],[-122.50822,38.45771],[-122.50581,38.45712],[-122.50393,38.45727],[-122.50262,38.45628],[-122.49794,38.45542],[-122.49474,38.45609],[-122.49362,38.45685],[-122.49269,38.45606],[-122.49223,38.45459],[-122.48814,38.45443],[-122.48784,38.45373],[-122.48604,38.45283],[-122.48284,38.45297],[-122.48162,38.45172],[-122.47983,38.45127],[-122.48003,38.44917],[-122.48231,38.44767],[-122.4831,38.44598],[-122.48321,38.44395],[-122.48427,38.443],[-122.48493,38.44121],[-122.48581,38.44144],[-122.48558,38.44035],[-122.48639,38.43908],[-122.48591,38.4382],[-122.48698,38.43736],[-122.48779,38.43741],[-122.488,38.43646],[-122.48871,38.43593],[-122.49166,38.4346],[-122.49194,38.43347],[-122.49342,38.43201],[-122.49395,38.43069],[-122.49336,38.42934],[-122.49629,38.42735],[-122.49645,38.4262],[-122.49791,38.42458],[-122.49705,38.42345],[-122.49564,38.42363],[-122.49491,38.42325],[-122.49225,38.42039],[-122.4901,38.41949],[-122.48898,38.41767],[-122.48769,38.41676],[-122.48393,38.4153],[-122.48141,38.41357],[-122.48103,38.4128],[-122.47922,38.41211],[-122.47798,38.41022],[-122.47716,38.41034],[-122.47555,38.40928],[-122.4761,38.40792],[-122.47467,38.40588],[-122.47055,38.40495],[-122.47025,38.40393],[-122.47096,38.4025],[-122.4692,38.40051],[-122.468,38.40013],[-122.47027,38.39762],[-122.47028,38.39672],[-122.46935,38.39619],[-122.46889,38.39429],[-122.46789,38.39382],[-122.46584,38.39022],[-122.46365,38.38895],[-122.46066,38.38844],[-122.45699,38.38675],[-122.45444,38.385],[-122.45408,38.38398],[-122.45473,38.38274],[-122.45412,38.38215],[-122.45134,38.38113],[-122.45046,38.38026],[-122.44925,38.38033],[-122.44812,38.37951],[-122.44795,38.37877],[-122.44918,38.37494],[-122.45037,38.37463],[-122.45196,38.37521],[-122.45272,38.37433],[-122.45364,38.37411],[-122.45544,38.37161],[-122.45691,38.37069],[-122.45732,38.36774],[-122.45569,38.36619],[-122.45446,38.36579],[-122.45449,38.36512],[-122.45305,38.36281],[-122.44966,38.36114],[-122.44698,38.35908],[-122.44423,38.35863],[-122.44228,38.35904],[-122.43752,38.35699],[-122.43668,38.35514],[-122.43321,38.35386],[-122.42933,38.351],[-122.42928,38.34948],[-122.42682,38.34903],[-122.4276,38.34572],[-122.42668,38.34615],[-122.42521,38.34559],[-122.42273,38.34256],[-122.42272,38.3415],[-122.42145,38.34073],[-122.42149,38.3397],[-122.42097,38.33911],[-122.4199,38.33825],[-122.41833,38.33968],[-122.41748,38.33979],[-122.41757,38.33756],[-122.41455,38.33652],[-122.41299,38.33465],[-122.41204,38.33429],[-122.41393,38.33077],[-122.41226,38.329],[-122.41152,38.32709],[-122.40958,38.32573],[-122.41004,38.32422],[-122.40945,38.32111],[-122.40837,38.31991],[-122.40748,38.32054],[-122.40732,38.32135],[-122.40537,38.32204],[-122.40476,38.32067],[-122.40372,38.31979],[-122.40447,38.31873],[-122.40361,38.31777],[-122.40273,38.31764],[-122.40279,38.31669],[-122.40159,38.3138],[-122.3963,38.30909],[-122.39461,38.30472],[-122.39713,38.30365],[-122.40033,38.30324],[-122.40174,38.30245],[-122.40377,38.29985],[-122.40267,38.29828],[-122.40169,38.29535],[-122.40241,38.29397],[-122.40144,38.29241],[-122.40169,38.29065],[-122.40061,38.29051],[-122.40016,38.28968],[-122.40175,38.28826],[-122.40129,38.28677],[-122.4023,38.28427],[-122.40474,38.2817],[-122.40226,38.2786],[-122.40036,38.27455],[-122.39641,38.27122],[-122.39397,38.27244],[-122.394,38.27322],[-122.39345,38.27366],[-122.39194,38.27337],[-122.39022,38.27428],[-122.38844,38.27449],[-122.3876,38.27376],[-122.38736,38.27266],[-122.38832,38.27194],[-122.38788,38.26972],[-122.38926,38.26821],[-122.38882,38.2672],[-122.3894,38.26513],[-122.38897,38.26439],[-122.38982,38.2608],[-122.38823,38.25872],[-122.3876,38.25868],[-122.38748,38.25802],[-122.38559,38.25672],[-122.38434,38.25446],[-122.38208,38.2538],[-122.38093,38.25291],[-122.37962,38.25085],[-122.37888,38.25013],[-122.37734,38.24974],[-122.37682,38.24854],[-122.37409,38.24797],[-122.37301,38.24721],[-122.37386,38.24386],[-122.37261,38.24366],[-122.3707,38.24427],[-122.37003,38.24487],[-122.36991,38.24661],[-122.36919,38.24736],[-122.36671,38.24728],[-122.36531,38.24599],[-122.3647,38.24104],[-122.36376,38.24061],[-122.36342,38.23903],[-122.36562,38.23568],[-122.36547,38.2338],[-122.36457,38.23317],[-122.36367,38.23124],[-122.3636,38.22761],[-122.36537,38.22619],[-122.36529,38.22457],[-122.36449,38.22355],[-122.36538,38.22288],[-122.36468,38.22247],[-122.36363,38.2195],[-122.36415,38.21528],[-122.36274,38.21482],[-122.36234,38.21378],[-122.36313,38.21322],[-122.36191,38.21173],[-122.361,38.21139],[-122.36152,38.21005],[-122.35996,38.21015],[-122.35753,38.20887],[-122.35638,38.2068],[-122.35432,38.20565],[-122.35263,38.20377],[-122.35228,38.20267],[-122.35068,38.20183],[-122.35039,38.20055],[-122.35085,38.19693],[-122.34956,38.19397],[-122.35056,38.1927],[-122.35513,38.19686],[-122.35778,38.19767],[-122.36026,38.19712],[-122.36077,38.19618],[-122.36054,38.19506],[-122.35818,38.19274],[-122.35705,38.19063],[-122.35707,38.18617],[-122.35789,38.18261],[-122.35958,38.18179],[-122.36282,38.18343],[-122.36605,38.18385],[-122.3679,38.18346],[-122.36865,38.18267],[-122.36967,38.17752],[-122.36954,38.17452],[-122.36649,38.16943],[-122.36558,38.16603],[-122.36621,38.16086],[-122.36756,38.15879],[-122.37112,38.15772],[-122.37258,38.15771],[-122.37917,38.15984],[-122.38477,38.16096],[-122.39682,38.16145],[-122.40136,38.16101],[-122.40611,38.15938],[-122.40751,38.15781],[-122.40679,38.15563],[-122.19538,38.15502],[-122.19748,38.15687],[-122.19883,38.15933],[-122.19588,38.16329],[-122.19397,38.16507],[-122.19507,38.16573],[-122.19489,38.16648],[-122.19533,38.16725],[-122.19815,38.16862],[-122.20111,38.16831],[-122.20344,38.16878],[-122.20293,38.1716],[-122.20332,38.17256],[-122.205,38.17302],[-122.20898,38.17289],[-122.20924,38.17357],[-122.21111,38.17466],[-122.21171,38.17658],[-122.21328,38.1774],[-122.21508,38.17972],[-122.21349,38.18113],[-122.21352,38.18357],[-122.213,38.18431],[-122.21403,38.18558],[-122.2152,38.18881],[-122.20932,38.19005],[-122.20931,38.19046],[-122.21155,38.19198],[-122.21054,38.19358],[-122.20569,38.19633],[-122.20579,38.19803],[-122.20484,38.19837],[-122.20464,38.19898],[-122.20553,38.20099],[-122.20515,38.20161],[-122.20543,38.20375],[-122.2045,38.20545],[-122.20383,38.20635],[-122.20167,38.20751],[-122.19972,38.2098],[-122.19948,38.21068],[-122.19743,38.21196],[-122.19558,38.21214],[-122.19392,38.21371],[-122.19419,38.21503],[-122.19628,38.21641],[-122.19632,38.21807],[-122.19594,38.21964],[-122.1932,38.22133],[-122.19301,38.22312],[-122.19509,38.226],[-122.19526,38.22777],[-122.19623,38.22936],[-122.19599,38.23078],[-122.19694,38.23126],[-122.19699,38.23268],[-122.19911,38.23468],[-122.20115,38.2379],[-122.2015,38.24015],[-122.20407,38.24105],[-122.20509,38.24411],[-122.20696,38.24449],[-122.20784,38.24393],[-122.20904,38.24455],[-122.20988,38.24687],[-122.21222,38.24879],[-122.21193,38.2508],[-122.21128,38.25174],[-122.21127,38.25281],[-122.20892,38.25124],[-122.20748,38.25089],[-122.20577,38.25118],[-122.20393,38.24918],[-122.20182,38.24938],[-122.20145,38.24892],[-122.19958,38.25124],[-122.19654,38.25084],[-122.19461,38.25184],[-122.19403,38.25305],[-122.19476,38.25519],[-122.19328,38.25642],[-122.19383,38.25745],[-122.19728,38.25887],[-122.20249,38.25925],[-122.20325,38.25979],[-122.20434,38.2588],[-122.20688,38.25931],[-122.20817,38.25885],[-122.21309,38.25925],[-122.21364,38.26046],[-122.21661,38.26252],[-122.21627,38.2635],[-122.2166,38.26466],[-122.21612,38.26624],[-122.21474,38.26741],[-122.21337,38.27149],[-122.21206,38.27311],[-122.20975,38.27175],[-122.20827,38.2725],[-122.20565,38.27191],[-122.20258,38.27245],[-122.19891,38.2722],[-122.19742,38.27297],[-122.19431,38.27093],[-122.19291,38.27174],[-122.19126,38.27131],[-122.1882,38.27173],[-122.18905,38.27234],[-122.18982,38.27439],[-122.19109,38.2759],[-122.19012,38.27753],[-122.1925,38.27896],[-122.19413,38.28097],[-122.19503,38.28138],[-122.1964,38.28289],[-122.19668,38.28441],[-122.19809,38.2849],[-122.19847,38.28626],[-122.19943,38.28666],[-122.19963,38.28805],[-122.20132,38.28988],[-122.20125,38.2928],[-122.20338,38.29335],[-122.2035,38.2942],[-122.2022,38.29547],[-122.20169,38.29746],[-122.20043,38.29846],[-122.20002,38.29958],[-122.19902,38.30012],[-122.19884,38.30124],[-122.19908,38.30185],[-122.20039,38.30237],[-122.20079,38.3035],[-122.20258,38.30417],[-122.20275,38.30508],[-122.20083,38.30956],[-122.20449,38.31164],[-122.20599,38.31423],[-122.20607,38.31577],[-122.06484,38.31591],[-122.06535,38.31726],[-122.06802,38.31864],[-122.06652,38.32027],[-122.0664,38.32104],[-122.06557,38.32154],[-122.06525,38.32349],[-122.0637,38.32482],[-122.06235,38.32506],[-122.06173,38.32567],[-122.06152,38.32959],[-122.06238,38.33197],[-122.06337,38.33353],[-122.06463,38.33327],[-122.0657,38.33433],[-122.06978,38.34281],[-122.06965,38.3444],[-122.07078,38.34605],[-122.07093,38.34844],[-122.07028,38.34909],[-122.07058,38.34981],[-122.06962,38.35094],[-122.07054,38.35241],[-122.07046,38.35307],[-122.07165,38.35387],[-122.07187,38.35519],[-122.07329,38.35688],[-122.07312,38.36032],[-122.0736,38.36155],[-122.07613,38.36383],[-122.07774,38.36382],[-122.07947,38.36738],[-122.08452,38.37511],[-122.08607,38.3805],[-122.08913,38.38463],[-122.09034,38.38545],[-122.09278,38.38852],[-122.09835,38.39261],[-122.10173,38.39706],[-122.10947,38.4045],[-122.10971,38.40744],[-122.11227,38.4097],[-122.11257,38.41072],[-122.11396,38.41214],[-122.11507,38.41226],[-122.11465,38.41402],[-122.11772,38.414],[-122.11952,38.41689],[-122.11987,38.41839],[-122.12181,38.4209],[-122.12277,38.42137],[-122.12358,38.42323],[-122.1252,38.42416],[-122.12614,38.42746],[-122.12657,38.43251],[-122.12616,38.43299],[-122.12663,38.43545],[-122.1259,38.43709],[-122.12593,38.43871],[-122.12502,38.44058],[-122.12529,38.44274],[-122.12384,38.44628],[-122.12322,38.44957],[-122.12215,38.45075],[-122.12083,38.4536],[-122.11911,38.46073],[-122.11524,38.468],[-122.11313,38.4751],[-122.11099,38.47747],[-122.11025,38.48049],[-122.10904,38.48197],[-122.10827,38.48626],[-122.10685,38.48709],[-122.10569,38.4903],[-122.10466,38.49086],[-122.1054,38.49326],[-122.10718,38.49451],[-122.10563,38.5012],[-122.10543,38.50597],[-122.10614,38.50695],[-122.10628,38.50831],[-122.10384,38.51018],[-122.10363,38.51216]]]}},{"type":"Feature","properties":{"county":"San Francisco"},"geometry":{"type":"MultiPolygon","coordinates":[[[[-122.40537,37.70829],[-122.28178,37.70823],[-122.34668,37.81103],[-122.36778,37.86673],[-122.37378,37.88373],[-122.43228,37.92982],[-122.42268,37.87813],[-122.41867,37.8525],[-122.47283,37.83189],[-122.47394,37.83219],[-122.47449,37.83364],[-122.47781,37.83322],[-122.4781,37.83274],[-122.47729,37.83215],[-122.47703,37.83115],[-122.47844,37.83091],[-122.4787,37.82949],[-122.47809,37.82535],[-122.48182,37.82606],[-122.48326,37.82564],[-122.48323,37.82629],[-122.48456,37.82688],[-122.4862,37.82624],[-122.4899,37.8269],[-122.49122,37.8266],[-122.49212,37.82508],[-122.49319,37.82466],[-122.49584,37.82214],[-122.49962,37.82188],[-122.49979,37.82086],[-122.4991,37.81988],[-122.50071,37.81985],[-122.50177,37.8209],[-122.50165,37.82149],[-122.50287,37.8209],[-122.50448,37.82103],[-122.50586,37.82306],[-122.51129,37.8247],[-122.51244,37.82452],[-122.51593,37.8253],[-122.51688,37.82467],[-122.51768,37.8252],[-122.5207,37.82528],[-122.52383,37.82455],[-122.52461,37.82336],[-122.52416,37.82265],[-122.52533,37.82251],[-122.52553,37.82112],[-122.52776,37.82078],[-122.52885,37.82011],[-122.52931,37.81868],[-122.52859,37.81764],[-122.52889,37.81692],[-122.52782,37.8157],[-122.52802,37.8151],[-122.52893,37.81549],[-122.52971,37.81515],[-122.61229,37.81522],[-122.58817,37.78936],[-122.58473,37.77916],[-122.58128,37.7602],[-122.57519,37.70672],[-122.50438,37.70813],[-122.46371,37.70801],[-122.46285,37.70836],[-122.46232,37.70799],[-122.46008,37.70836],[-122.45923,37.70808],[-122.45882,37.70844],[-122.45822,37.70803],[-122.45744,37.70843],[-122.45491,37.70804],[-122.4536,37.70849],[-122.45343,37.70815],[-122.45169,37.70844],[-122.451,37.70795],[-122.44985,37.70834],[-122.44892,37.70806],[-122.44816,37.70852],[-122.44635,37.70808],[-122.44551,37.70837],[-122.44531,37.70801],[-122.44473,37.70838],[-122.44456,37.70806],[-122.44218,37.70842],[-122.442,37.70807],[-122.44034,37.7085],[-122.43903,37.70804],[-122.43817,37.70846],[-122.43678,37.70792],[-122.43572,37.70843],[-122.43501,37.70801],[-122.43001,37.70853],[-122.42542,37.70831],[-122.42535,37.70862],[-122.42386,37.7082],[-122.42334,37.70928],[-122.41922,37.70812],[-122.41906,37.70848],[-122.40537,37.70829]]],[[[-123.17383,37.77573],[-123.17293,37.7636],[-123.16998,37.75593],[-123.16275,37.74353],[-123.15676,37.73784],[-123.1326,37.71939],[-123.12611,37.71673],[-123.11964,37.71544],[-123.11557,37.71405],[-123.10492,37.71265],[-123.0948,37.71407],[-123.09285,37.71369],[-123.08606,37.70075],[-123.07492,37.69007],[-123.07306,37.68258],[-123.06859,37.67304],[-123.06358,37.66732],[-123.05358,37.65865],[-123.0407,37.65033],[-123.02715,37.64522],[-123.01161,37.64151],[-123.00111,37.64177],[-123.00111,37.63983],[-122.98675,37.64178],[-122.97301,37.64658],[-122.96301,37.65198],[-122.94907,37.66338],[-122.94136,37.67658],[-122.93966,37.68235],[-122.93903,37.68654],[-122.93734,37.69093],[-122.93571,37.69762],[-122.93586,37.70246],[-122.93971,37.71535],[-122.94229,37.72106],[-122.94998,37.73219],[-122.95464,37.73683],[-122.9641,37.74428],[-122.96727,37.7463],[-122.97326,37.74865],[-122.97545,37.75258],[-122.98143,37.75892],[-122.98741,37.76387],[-122.99754,37.77078],[-123.01059,37.77493],[-123.02585,37.77709],[-123.03144,37.77715],[-123.03384,37.77838],[-123.03873,37.78888],[-123.04882,37.79982],[-123.07049,37.81383],[-123.08165,37.81815],[-123.09526,37.82188],[-123.11829,37.82306],[-123.12611,37.82166],[-123.13227,37.81968],[-123.13944,37.81672],[-123.14721,37.81195],[-123.16094,37.802],[-123.16601,37.79689],[-123.16911,37.79237],[-123.17383,37.77573]]]]}},{"type":"Feature","properties":{"county":"San Mateo"},"geometry":{"type":"Polygon","coordinates":[[[-122.58679,37.58998],[-122.58818,37.57941],[-122.58645,37.56191],[-122.57956,37.54587],[-122.57496,37.49994],[-122.57406,37.49851],[-122.57278,37.48918],[-122.57096,37.48447],[-122.56809,37.47921],[-122.55952,37.46987],[-122.55296,37.46403],[-122.547,37.45786],[-122.53734,37.45074],[-122.5276,37.4461],[-122.50989,37.44155],[-122.50997,37.4368],[-122.50773,37.42271],[-122.5059,37.41709],[-122.50354,37.4119],[-122.48745,37.38833],[-122.46701,37.34989],[-122.46587,37.34124],[-122.47609,37.29415],[-122.48177,37.27109],[-122.48405,37.24994],[-122.48314,37.23474],[-122.4817,37.22915],[-122.47907,37.22168],[-122.47554,37.2161],[-122.47223,37.21221],[-122.47052,37.20216],[-122.4685,37.19581],[-122.46805,37.18796],[-122.46412,37.17785],[-122.45865,37.16978],[-122.45543,37.1666],[-122.45151,37.15825],[-122.44563,37.15004],[-122.43934,37.14466],[-122.42847,37.13775],[-122.42135,37.13508],[-122.41575,37.12495],[-122.41336,37.12179],[-122.40928,37.11775],[-122.4044,37.11393],[-122.39692,37.10989],[-122.39739,37.10704],[-122.39688,37.10276],[-122.39536,37.09374],[-122.39313,37.08716],[-122.38574,37.07589],[-122.37609,37.06565],[-122.36965,37.06202],[-122.36,37.05839],[-122.34821,37.05567],[-122.33641,37.05386],[-122.32355,37.05386],[-122.3139,37.05476],[-122.29941,37.09636],[-122.28938,37.11347],[-122.31178,37.14755],[-122.31768,37.18694],[-122.28858,37.18675],[-122.26888,37.18984],[-122.24266,37.19003],[-122.24257,37.21513],[-122.15277,37.21544],[-122.15297,37.22244],[-122.15145,37.22995],[-122.15263,37.24403],[-122.15228,37.28606],[-122.1527,37.28864],[-122.15339,37.28971],[-122.15623,37.29181],[-122.16027,37.29339],[-122.16119,37.293],[-122.16204,37.29386],[-122.16301,37.29373],[-122.16684,37.29524],[-122.16543,37.29616],[-122.16514,37.29799],[-122.16273,37.30073],[-122.16363,37.30148],[-122.16207,37.30423],[-122.16469,37.30548],[-122.16658,37.30562],[-122.16861,37.30852],[-122.16889,37.30999],[-122.17081,37.31198],[-122.17447,37.31277],[-122.17762,37.31238],[-122.17971,37.31131],[-122.18116,37.3098],[-122.18232,37.30953],[-122.18385,37.31004],[-122.18557,37.31167],[-122.1866,37.31555],[-122.19013,37.31776],[-122.19306,37.31828],[-122.18652,37.32203],[-122.18304,37.32731],[-122.18161,37.32645],[-122.18247,37.32648],[-122.18124,37.32597],[-122.17963,37.32653],[-122.17855,37.32516],[-122.17507,37.32574],[-122.18284,37.33297],[-122.18523,37.33646],[-122.18595,37.3387],[-122.18977,37.3415],[-122.1914,37.34348],[-122.19416,37.34567],[-122.19586,37.34816],[-122.19606,37.35131],[-122.19724,37.35234],[-122.19821,37.35427],[-122.19984,37.35562],[-122.20247,37.36027],[-122.20265,37.36305],[-122.20149,37.36578],[-122.2016,37.36801],[-122.20071,37.37196],[-122.19936,37.37262],[-122.19916,37.37472],[-122.1969,37.37654],[-122.19372,37.38225],[-122.19051,37.38525],[-122.19108,37.38604],[-122.19077,37.3869],[-122.19113,37.38815],[-122.19102,37.38876],[-122.19032,37.38912],[-122.19057,37.39053],[-122.18957,37.39128],[-122.19017,37.39287],[-122.19002,37.39486],[-122.19122,37.39558],[-122.19185,37.39719],[-122.19149,37.39876],[-122.19227,37.40071],[-122.19261,37.40419],[-122.19454,37.40793],[-122.19383,37.41128],[-122.19213,37.41294],[-122.19234,37.41391],[-122.18765,37.41475],[-122.18716,37.41634],[-122.18779,37.4171],[-122.1893,37.41726],[-122.19027,37.41848],[-122.18856,37.41917],[-122.18792,37.42019],[-122.18838,37.42247],[-122.19058,37.424],[-122.19131,37.42519],[-122.18944,37.42746],[-122.19053,37.43129],[-122.18841,37.43206],[-122.18765,37.43331],[-122.18442,37.43423],[-122.18342,37.43571],[-122.18349,37.43692],[-122.18217,37.43948],[-122.18014,37.43931],[-122.17942,37.44003],[-122.17979,37.44102],[-122.17784,37.44108],[-122.1757,37.44188],[-122.17452,37.44447],[-122.17182,37.4467],[-122.16944,37.4478],[-122.16875,37.44743],[-122.16763,37.4489],[-122.16762,37.45078],[-122.16595,37.45077],[-122.16516,37.45298],[-122.16411,37.45246],[-122.16277,37.45384],[-122.16093,37.4538],[-122.16044,37.45468],[-122.15919,37.45464],[-122.15868,37.45369],[-122.15769,37.45349],[-122.15685,37.45422],[-122.15579,37.45413],[-122.15591,37.45553],[-122.15442,37.45588],[-122.15254,37.45768],[-122.1518,37.45706],[-122.14874,37.45709],[-122.14748,37.4565],[-122.1462,37.45679],[-122.1459,37.45782],[-122.14441,37.45827],[-122.1407,37.45727],[-122.14106,37.45713],[-122.13877,37.4548],[-122.13605,37.45406],[-122.1339,37.45438],[-122.1321,37.45398],[-122.13152,37.45336],[-122.12988,37.45309],[-122.12864,37.45188],[-122.12801,37.45208],[-122.12691,37.45362],[-122.12413,37.4528],[-122.12238,37.45338],[-122.12177,37.45424],[-122.12282,37.45614],[-122.12278,37.45762],[-122.12392,37.46114],[-122.11769,37.46524],[-122.11595,37.46571],[-122.11326,37.46753],[-122.11155,37.46629],[-122.09657,37.46614],[-122.09676,37.4619],[-122.08147,37.47784],[-122.10957,37.49764],[-122.14917,37.54584],[-122.18668,37.59273],[-122.28178,37.70823],[-122.40618,37.70852],[-122.41421,37.7085],[-122.41435,37.70818],[-122.41906,37.70848],[-122.41922,37.70812],[-122.42334,37.70928],[-122.42386,37.7082],[-122.42535,37.70862],[-122.42542,37.70831],[-122.43001,37.70853],[-122.43501,37.70801],[-122.43572,37.70843],[-122.43678,37.70792],[-122.43817,37.70846],[-122.43903,37.70804],[-122.44034,37.7085],[-122.442,37.70807],[-122.44218,37.70842],[-122.44456,37.70806],[-122.44473,37.70838],[-122.44531,37.70801],[-122.44551,37.70837],[-122.44635,37.70808],[-122.44816,37.70852],[-122.44892,37.70806],[-122.44985,37.70834],[-122.451,37.70795],[-122.45169,37.70844],[-122.45343,37.70815],[-122.4536,37.70849],[-122.45491,37.70804],[-122.45744,37.70843],[-122.45822,37.70803],[-122.45882,37.70844],[-122.45923,37.70808],[-122.46008,37.70836],[-122.46232,37.70799],[-122.46285,37.70836],[-122.46371,37.70801],[-122.50438,37.70813],[-122.57519,37.70672],[-122.5675,37.63919],[-122.57956,37.61148],[-122.58645,37.59253],[-122.58679,37.58998]]]}},{"type":"Feature","properties":{"county":"Santa Clara"},"geometry":{"type":"Polygon","coordinates":[[[-122.2026,37.36322],[-122.20238,37.35997],[-122.19984,37.35562],[-122.19821,37.35427],[-122.19724,37.35234],[-122.19606,37.35131],[-122.1959,37.3483],[-122.19521,37.34703],[-122.18977,37.3415],[-122.18595,37.3387],[-122.18523,37.33646],[-122.18284,37.33297],[-122.17507,37.32574],[-122.17855,37.32516],[-122.17963,37.32653],[-122.18124,37.32597],[-122.18247,37.32648],[-122.18161,37.32645],[-122.18304,37.32731],[-122.18652,37.32203],[-122.19306,37.31828],[-122.19013,37.31776],[-122.1866,37.31555],[-122.18557,37.31167],[-122.18385,37.31004],[-122.18175,37.30957],[-122.17896,37.31176],[-122.17582,37.31275],[-122.17118,37.31212],[-122.16889,37.30999],[-122.16861,37.30852],[-122.16658,37.30562],[-122.16469,37.30548],[-122.16207,37.30423],[-122.16363,37.30148],[-122.16273,37.30073],[-122.16514,37.29799],[-122.16543,37.29616],[-122.16684,37.29524],[-122.16301,37.29373],[-122.16204,37.29386],[-122.16119,37.293],[-122.16027,37.29339],[-122.15813,37.29264],[-122.15339,37.28971],[-122.15257,37.28822],[-122.15221,37.2856],[-122.15157,37.28535],[-122.15112,37.28352],[-122.14869,37.281],[-122.14949,37.27884],[-122.14933,37.27753],[-122.15037,37.27669],[-122.15054,37.27588],[-122.14836,37.27545],[-122.14415,37.27021],[-122.14012,37.26894],[-122.13748,37.26653],[-122.13585,37.26574],[-122.13431,37.26291],[-122.13166,37.26093],[-122.12839,37.25922],[-122.12393,37.25972],[-122.12164,37.25856],[-122.11651,37.25249],[-122.11295,37.24958],[-122.11024,37.24536],[-122.10557,37.24074],[-122.10423,37.23427],[-122.09951,37.2332],[-122.09337,37.22924],[-122.09267,37.22544],[-122.08981,37.22327],[-122.08435,37.22247],[-122.08058,37.22337],[-122.07877,37.22297],[-122.07662,37.22019],[-122.07385,37.21933],[-122.07171,37.21726],[-122.07001,37.21667],[-122.06824,37.21452],[-122.06748,37.21227],[-122.06593,37.21041],[-122.06277,37.21037],[-122.05939,37.21299],[-122.05509,37.2125],[-122.05461,37.21001],[-122.04755,37.20494],[-122.04512,37.20149],[-122.04397,37.20105],[-122.04358,37.19937],[-122.04078,37.19517],[-122.03075,37.18999],[-122.03087,37.18927],[-122.03199,37.1884],[-122.03149,37.18691],[-122.03263,37.18614],[-122.03193,37.1823],[-122.03091,37.18168],[-122.03094,37.18098],[-122.0294,37.17945],[-122.02893,37.17694],[-122.02653,37.17611],[-122.02756,37.17514],[-122.02764,37.17408],[-122.02697,37.17403],[-122.02705,37.17368],[-122.02561,37.1738],[-122.02567,37.17261],[-122.02768,37.17085],[-122.02559,37.16907],[-122.02627,37.16835],[-122.02617,37.16685],[-122.02289,37.16615],[-122.02144,37.16679],[-122.01988,37.16591],[-122.01801,37.16583],[-122.01699,37.16507],[-122.01595,37.16566],[-122.01371,37.16324],[-122.01379,37.16276],[-122.01159,37.16204],[-122.01105,37.161],[-122.01021,37.16085],[-122.00904,37.15979],[-122.00675,37.1593],[-122.00584,37.15828],[-122.00464,37.15865],[-122.00247,37.15829],[-122.00132,37.15733],[-122.00005,37.1545],[-121.99416,37.14985],[-121.99109,37.14427],[-121.9886,37.14378],[-121.98715,37.14482],[-121.98589,37.14461],[-121.9856,37.14334],[-121.98406,37.14373],[-121.98084,37.14228],[-121.97502,37.14172],[-121.97501,37.14231],[-121.97274,37.14173],[-121.97143,37.14087],[-121.96942,37.13815],[-121.96365,37.1335],[-121.95744,37.13057],[-121.95374,37.12901],[-121.94196,37.12639],[-121.93354,37.12307],[-121.93203,37.122],[-121.93001,37.12329],[-121.92903,37.12342],[-121.92787,37.1224],[-121.92426,37.12128],[-121.91069,37.1133],[-121.90572,37.11317],[-121.90487,37.11152],[-121.90384,37.111],[-121.90316,37.11161],[-121.90231,37.11108],[-121.90114,37.11152],[-121.90058,37.1109],[-121.8997,37.11109],[-121.89724,37.11005],[-121.8965,37.11016],[-121.89632,37.10965],[-121.89485,37.10981],[-121.89494,37.10932],[-121.89435,37.10911],[-121.89483,37.10858],[-121.89351,37.10798],[-121.89231,37.10845],[-121.892,37.10706],[-121.89012,37.10663],[-121.89087,37.10526],[-121.88879,37.1054],[-121.8873,37.10491],[-121.88481,37.10782],[-121.87007,37.10225],[-121.86001,37.10417],[-121.86188,37.09935],[-121.8566,37.09935],[-121.85384,37.0984],[-121.85181,37.09888],[-121.85039,37.09841],[-121.85026,37.09915],[-121.84909,37.099],[-121.84738,37.09724],[-121.84543,37.09641],[-121.8446,37.09665],[-121.84402,37.09591],[-121.84414,37.09473],[-121.84096,37.09444],[-121.84023,37.09345],[-121.83865,37.09322],[-121.83877,37.09209],[-121.83825,37.09169],[-121.83674,37.09179],[-121.83508,37.09101],[-121.83417,37.09122],[-121.83217,37.0897],[-121.83162,37.08865],[-121.83039,37.0881],[-121.82906,37.08792],[-121.82804,37.08867],[-121.8272,37.08789],[-121.82422,37.08778],[-121.82359,37.08597],[-121.81824,37.08374],[-121.81649,37.08037],[-121.81736,37.07862],[-121.81719,37.07788],[-121.81265,37.07538],[-121.81066,37.07088],[-121.80912,37.06932],[-121.80594,37.06828],[-121.80437,37.06857],[-121.80213,37.06793],[-121.80031,37.06547],[-121.79861,37.06502],[-121.79676,37.0638],[-121.79437,37.06377],[-121.79355,37.06431],[-121.79014,37.06363],[-121.78772,37.0621],[-121.78604,37.06199],[-121.78211,37.05848],[-121.78155,37.05699],[-121.77826,37.05607],[-121.77767,37.05534],[-121.77609,37.05492],[-121.77576,37.05337],[-121.77526,37.05298],[-121.77266,37.05262],[-121.77033,37.05328],[-121.76723,37.05332],[-121.76339,37.05196],[-121.76328,37.05072],[-121.76488,37.04947],[-121.76199,37.04782],[-121.76068,37.0476],[-121.75812,37.04883],[-121.7576,37.04963],[-121.75548,37.04903],[-121.75406,37.04606],[-121.74776,37.03775],[-121.74636,37.03475],[-121.74434,37.03367],[-121.74238,37.03024],[-121.73977,37.02768],[-121.72782,37.02275],[-121.72606,37.02126],[-121.72577,37.02065],[-121.72831,37.02092],[-121.72869,37.01993],[-121.73081,37.02032],[-121.73044,37.02222],[-121.73131,37.02242],[-121.73619,37.01534],[-121.72782,37.00986],[-121.72657,37.01205],[-121.72265,37.00892],[-121.71876,37.00756],[-121.72962,36.99787],[-121.72835,36.99682],[-121.72981,36.99355],[-121.73133,36.99271],[-121.73418,36.99277],[-121.73504,36.99178],[-121.73485,36.99105],[-121.7387,36.98999],[-121.73638,36.98937],[-121.73231,36.98966],[-121.73047,36.99082],[-121.71788,36.99556],[-121.71709,36.99407],[-121.71466,36.99313],[-121.71092,36.99307],[-121.7104,36.99234],[-121.71137,36.99058],[-121.7107,36.98972],[-121.70986,36.98976],[-121.70981,36.9906],[-121.70551,36.98936],[-121.70524,36.98624],[-121.69966,36.98625],[-121.69536,36.98515],[-121.69526,36.98275],[-121.69666,36.98135],[-121.6962,36.97978],[-121.69768,36.97775],[-121.69843,36.97498],[-121.69783,36.9721],[-121.6933,36.96823],[-121.69016,36.96735],[-121.68366,36.96705],[-121.67826,36.96785],[-121.67716,36.96646],[-121.67723,36.96555],[-121.67609,36.96597],[-121.67476,36.96535],[-121.67266,36.96545],[-121.67226,36.96435],[-121.66993,36.96364],[-121.66613,36.96434],[-121.66479,36.96371],[-121.66426,36.96315],[-121.66396,36.96065],[-121.66286,36.95915],[-121.66433,36.95514],[-121.66331,36.95351],[-121.66326,36.95185],[-121.66156,36.95175],[-121.65836,36.95055],[-121.65512,36.95105],[-121.65404,36.95058],[-121.65367,36.94772],[-121.65227,36.94763],[-121.65286,36.94575],[-121.65406,36.94475],[-121.65306,36.94175],[-121.64886,36.93725],[-121.64579,36.93233],[-121.64103,36.93222],[-121.64226,36.93635],[-121.63966,36.93785],[-121.63886,36.93765],[-121.63706,36.93905],[-121.63186,36.93925],[-121.63046,36.94054],[-121.62606,36.93985],[-121.62405,36.93849],[-121.62476,36.94045],[-121.60715,36.92605],[-121.59035,36.92615],[-121.59015,36.91925],[-121.58115,36.91925],[-121.58135,36.89915],[-121.58015,36.89829],[-121.57892,36.89579],[-121.57572,36.893],[-121.57478,36.89358],[-121.57381,36.89553],[-121.57139,36.89708],[-121.56692,36.89707],[-121.5629,36.89625],[-121.56026,36.89712],[-121.56014,36.90328],[-121.55911,36.90621],[-121.55845,36.91047],[-121.55632,36.91194],[-121.55349,36.9152],[-121.55134,36.91561],[-121.54861,36.91738],[-121.54714,36.91738],[-121.54487,36.91885],[-121.54254,36.91927],[-121.54028,36.92053],[-121.53912,36.92293],[-121.54087,36.92515],[-121.53968,36.92614],[-121.53923,36.9273],[-121.53544,36.92943],[-121.53446,36.93093],[-121.5296,36.93329],[-121.52682,36.93575],[-121.52359,36.93709],[-121.5216,36.94023],[-121.51915,36.94197],[-121.51711,36.94236],[-121.51607,36.94415],[-121.51381,36.94516],[-121.51236,36.94731],[-121.51169,36.94927],[-121.51211,36.95258],[-121.51065,36.9533],[-121.51023,36.95405],[-121.51028,36.95647],[-121.51206,36.95773],[-121.51243,36.95883],[-121.5094,36.96004],[-121.50814,36.96365],[-121.50538,36.96411],[-121.50455,36.96785],[-121.50361,36.96846],[-121.50175,36.97165],[-121.48895,36.98315],[-121.46794,36.97677],[-121.46356,36.97829],[-121.46595,36.98215],[-121.46366,36.98488],[-121.46005,36.98575],[-121.45755,36.98755],[-121.45695,36.98745],[-121.45665,36.98665],[-121.45335,36.98795],[-121.45255,36.98785],[-121.45207,36.98881],[-121.45061,36.98894],[-121.44912,36.98821],[-121.44975,36.98615],[-121.44892,36.98562],[-121.44735,36.98296],[-121.4377,36.97851],[-121.43456,36.97398],[-121.41825,36.96055],[-121.37034,36.96055],[-121.35359,36.95999],[-121.34494,36.96055],[-121.21541,36.96125],[-121.22078,36.96363],[-121.22483,36.96743],[-121.22934,36.96765],[-121.23213,36.96889],[-121.23409,36.97088],[-121.23736,36.97312],[-121.23955,36.97616],[-121.24388,36.98009],[-121.24589,36.98304],[-121.24657,36.98523],[-121.24664,36.98705],[-121.24513,36.99144],[-121.24514,36.99292],[-121.24439,36.99384],[-121.24292,36.99428],[-121.24152,36.99738],[-121.23574,36.99835],[-121.23314,36.99935],[-121.23391,37.00141],[-121.23463,37.0016],[-121.23518,37.00264],[-121.23479,37.00376],[-121.2355,37.00577],[-121.23698,37.00658],[-121.23634,37.00835],[-121.23819,37.00925],[-121.23783,37.00996],[-121.23541,37.01056],[-121.23334,37.01175],[-121.23459,37.01317],[-121.23568,37.01362],[-121.23776,37.01676],[-121.23916,37.01834],[-121.24024,37.01867],[-121.24082,37.02022],[-121.24168,37.02119],[-121.24297,37.02165],[-121.24355,37.02294],[-121.24599,37.02557],[-121.24713,37.02786],[-121.24693,37.02888],[-121.24778,37.0298],[-121.2475,37.0311],[-121.24865,37.03368],[-121.24454,37.03199],[-121.24063,37.03178],[-121.23897,37.03259],[-121.23874,37.03435],[-121.23614,37.03695],[-121.22451,37.03974],[-121.22581,37.05207],[-121.22316,37.05523],[-121.22452,37.05624],[-121.22339,37.05751],[-121.21873,37.05714],[-121.21259,37.05507],[-121.21096,37.05623],[-121.21057,37.05731],[-121.20896,37.05868],[-121.2082,37.06129],[-121.21034,37.06604],[-121.21048,37.0671],[-121.20964,37.06824],[-121.2158,37.06922],[-121.21684,37.07059],[-121.21955,37.07255],[-121.2224,37.07343],[-121.22324,37.07431],[-121.22464,37.07894],[-121.22761,37.08094],[-121.22929,37.08151],[-121.23088,37.08314],[-121.23549,37.08623],[-121.24016,37.08614],[-121.24067,37.08526],[-121.24198,37.08513],[-121.24548,37.08915],[-121.24364,37.09074],[-121.24262,37.09306],[-121.23837,37.09342],[-121.2335,37.09558],[-121.23198,37.09713],[-121.23044,37.09694],[-121.22974,37.09904],[-121.23053,37.10477],[-121.22765,37.10563],[-121.22554,37.10684],[-121.2263,37.10971],[-121.22516,37.1109],[-121.22379,37.11508],[-121.22134,37.11644],[-121.21734,37.12304],[-121.22071,37.12469],[-121.22175,37.1259],[-121.22216,37.12759],[-121.22314,37.12857],[-121.22286,37.13134],[-121.23134,37.13854],[-121.2323,37.13989],[-121.23498,37.14776],[-121.23598,37.14909],[-121.23617,37.15078],[-121.23601,37.15037],[-121.2355,37.1529],[-121.23656,37.15404],[-121.23663,37.15668],[-121.23849,37.15777],[-121.24034,37.15723],[-121.24248,37.15747],[-121.24384,37.15857],[-121.24572,37.15783],[-121.24876,37.15766],[-121.25564,37.15887],[-121.25986,37.15884],[-121.26209,37.15932],[-121.26951,37.17117],[-121.2731,37.17333],[-121.27538,37.17874],[-121.27778,37.17963],[-121.28019,37.18307],[-121.28111,37.1836],[-121.2834,37.18317],[-121.2841,37.18251],[-121.2843,37.1809],[-121.28606,37.18114],[-121.28748,37.17919],[-121.28773,37.17737],[-121.29096,37.17543],[-121.29066,37.17213],[-121.29152,37.17034],[-121.29252,37.17048],[-121.29559,37.16891],[-121.2971,37.16708],[-121.29654,37.16731],[-121.29855,37.16596],[-121.30067,37.16627],[-121.30262,37.16816],[-121.30604,37.16664],[-121.31164,37.17004],[-121.31288,37.17015],[-121.31407,37.1694],[-121.31403,37.16791],[-121.31807,37.16726],[-121.31891,37.16768],[-121.32026,37.16757],[-121.32323,37.16643],[-121.32524,37.16684],[-121.32841,37.16595],[-121.33255,37.17128],[-121.33435,37.1708],[-121.33629,37.17251],[-121.33829,37.17352],[-121.34238,37.17419],[-121.34306,37.17467],[-121.34366,37.17694],[-121.3475,37.18042],[-121.35016,37.1817],[-121.35176,37.18195],[-121.35386,37.18304],[-121.35456,37.18389],[-121.35708,37.18339],[-121.35956,37.18445],[-121.36317,37.18351],[-121.36503,37.18],[-121.37221,37.17696],[-121.37343,37.17371],[-121.37405,37.17304],[-121.37529,37.17311],[-121.37631,37.17248],[-121.37965,37.16801],[-121.38291,37.16788],[-121.38427,37.1662],[-121.38455,37.16551],[-121.38324,37.16299],[-121.38416,37.162],[-121.38396,37.16016],[-121.38163,37.15714],[-121.38229,37.1565],[-121.38355,37.15149],[-121.38606,37.1519],[-121.39113,37.15075],[-121.39201,37.15026],[-121.39299,37.14815],[-121.39746,37.15059],[-121.39902,37.15014],[-121.4,37.15086],[-121.40114,37.15492],[-121.40464,37.15599],[-121.40653,37.15883],[-121.4076,37.16324],[-121.40773,37.16901],[-121.40886,37.17011],[-121.4122,37.17132],[-121.4134,37.17233],[-121.4134,37.1729],[-121.41165,37.17336],[-121.41043,37.17447],[-121.41008,37.17576],[-121.41109,37.17696],[-121.41114,37.17785],[-121.40987,37.18013],[-121.40891,37.18084],[-121.40879,37.1825],[-121.40946,37.18415],[-121.41152,37.18541],[-121.41148,37.18665],[-121.41021,37.1896],[-121.41046,37.19201],[-121.41172,37.19361],[-121.41201,37.19545],[-121.41566,37.19965],[-121.41572,37.20241],[-121.41686,37.20604],[-121.41687,37.21126],[-121.41837,37.21321],[-121.42108,37.21483],[-121.42189,37.21821],[-121.4215,37.21997],[-121.42182,37.22131],[-121.42422,37.22317],[-121.4264,37.2235],[-121.42783,37.22521],[-121.42947,37.22581],[-121.43076,37.22746],[-121.43156,37.22782],[-121.43287,37.22734],[-121.43295,37.22665],[-121.43388,37.22633],[-121.4361,37.22936],[-121.44175,37.23113],[-121.44345,37.23336],[-121.4452,37.23451],[-121.44608,37.23597],[-121.44874,37.23728],[-121.44815,37.23949],[-121.45263,37.24536],[-121.45262,37.24638],[-121.45575,37.24944],[-121.45553,37.25285],[-121.45597,37.25392],[-121.45502,37.25555],[-121.45725,37.26094],[-121.45593,37.26288],[-121.45485,37.26314],[-121.45397,37.27718],[-121.45907,37.28232],[-121.45805,37.28414],[-121.45401,37.28405],[-121.45297,37.28673],[-121.44866,37.2903],[-121.44965,37.29394],[-121.44355,37.29664],[-121.44279,37.29631],[-121.44112,37.29386],[-121.4385,37.29317],[-121.43682,37.29197],[-121.43402,37.29293],[-121.43278,37.29437],[-121.43139,37.29499],[-121.42577,37.29634],[-121.42459,37.29628],[-121.42606,37.29594],[-121.42467,37.29514],[-121.42345,37.29529],[-121.42304,37.29587],[-121.42275,37.29914],[-121.41906,37.30201],[-121.41837,37.30327],[-121.41673,37.30382],[-121.41475,37.30536],[-121.41401,37.30676],[-121.41131,37.30803],[-121.40894,37.30988],[-121.40752,37.30984],[-121.40575,37.31099],[-121.40633,37.31276],[-121.40748,37.31311],[-121.4094,37.32146],[-121.41194,37.32444],[-121.41022,37.32506],[-121.41115,37.32754],[-121.40915,37.33064],[-121.42075,37.34474],[-121.4207,37.34568],[-121.41982,37.34654],[-121.4206,37.34777],[-121.42046,37.35047],[-121.41955,37.35112],[-121.41941,37.35199],[-121.42123,37.35429],[-121.42104,37.35538],[-121.42215,37.35602],[-121.42365,37.35884],[-121.42274,37.36095],[-121.4225,37.36309],[-121.42117,37.36406],[-121.41929,37.36445],[-121.41902,37.36632],[-121.41821,37.36741],[-121.41613,37.37371],[-121.41585,37.37592],[-121.41105,37.37838],[-121.40908,37.38067],[-121.41007,37.3824],[-121.41063,37.38611],[-121.41216,37.38727],[-121.41255,37.38944],[-121.41476,37.3902],[-121.41945,37.39074],[-121.42405,37.39363],[-121.43155,37.39423],[-121.43608,37.39613],[-121.43769,37.39574],[-121.43896,37.39462],[-121.44025,37.39454],[-121.44274,37.39276],[-121.44525,37.39335],[-121.44816,37.39168],[-121.45045,37.39254],[-121.45155,37.39463],[-121.45665,37.39554],[-121.45825,37.39813],[-121.45565,37.40104],[-121.45635,37.40674],[-121.46355,37.41593],[-121.46625,37.41503],[-121.47261,37.42334],[-121.47215,37.42417],[-121.46886,37.42499],[-121.46879,37.42565],[-121.47034,37.42771],[-121.47033,37.43012],[-121.46495,37.43703],[-121.46231,37.43798],[-121.46186,37.4388],[-121.46215,37.44233],[-121.46348,37.44569],[-121.46266,37.44844],[-121.46292,37.45149],[-121.46405,37.45248],[-121.46402,37.45384],[-121.46469,37.45448],[-121.46533,37.45455],[-121.46718,37.45334],[-121.46893,37.45388],[-121.46955,37.45574],[-121.47268,37.45638],[-121.47309,37.45676],[-121.47345,37.46017],[-121.47503,37.46205],[-121.4772,37.46325],[-121.4831,37.46516],[-121.48425,37.46603],[-121.48677,37.47565],[-121.48341,37.47542],[-121.47888,37.47971],[-121.4777,37.48028],[-121.47634,37.48029],[-121.47453,37.47934],[-121.47297,37.48068],[-121.47265,37.48217],[-121.47295,37.48233],[-121.68908,37.48283],[-121.74128,37.48394],[-121.86527,37.48464],[-121.86993,37.48168],[-121.87079,37.47945],[-121.87369,37.47784],[-121.87461,37.47577],[-121.87578,37.475],[-121.87745,37.47518],[-121.87947,37.47217],[-121.88116,37.47108],[-121.8826,37.47055],[-121.88516,37.47141],[-121.88774,37.47094],[-121.88935,37.4701],[-121.89086,37.46798],[-121.89765,37.46697],[-121.89897,37.46585],[-121.90131,37.46496],[-121.90524,37.46423],[-121.91133,37.46224],[-121.91089,37.46149],[-121.92504,37.45419],[-121.92629,37.45457],[-121.92676,37.45524],[-121.92785,37.45526],[-121.92746,37.4567],[-121.92844,37.45739],[-121.93263,37.45515],[-121.93271,37.45684],[-121.93113,37.45739],[-121.93152,37.45883],[-121.9312,37.46064],[-121.93209,37.461],[-121.93338,37.46076],[-121.93237,37.46035],[-121.93473,37.46052],[-121.9353,37.46142],[-121.93499,37.46246],[-121.93603,37.46293],[-121.93924,37.46249],[-121.94109,37.46495],[-121.9431,37.46512],[-121.94423,37.46582],[-121.94414,37.46812],[-121.94491,37.46916],[-121.94645,37.46859],[-121.94709,37.46742],[-121.94617,37.46449],[-121.94641,37.46336],[-121.94784,37.46198],[-121.9496,37.46141],[-121.95192,37.46146],[-121.95931,37.46352],[-121.96416,37.46315],[-121.97507,37.46064],[-121.98001,37.46089],[-121.99267,37.46464],[-121.99667,37.46724],[-122.02115,37.46507],[-122.02542,37.46563],[-122.03618,37.46497],[-122.04782,37.45901],[-122.05124,37.45901],[-122.08147,37.47784],[-122.09676,37.4619],[-122.09643,37.4661],[-122.11155,37.46629],[-122.11328,37.46753],[-122.11595,37.46571],[-122.11769,37.46524],[-122.12392,37.46114],[-122.12278,37.45762],[-122.12282,37.45614],[-122.12177,37.4545],[-122.1221,37.45359],[-122.12449,37.4528],[-122.12691,37.45362],[-122.1284,37.45185],[-122.12988,37.45309],[-122.13152,37.45336],[-122.1321,37.45398],[-122.1339,37.45438],[-122.13605,37.45406],[-122.13877,37.4548],[-122.14106,37.45713],[-122.1407,37.45727],[-122.14279,37.45809],[-122.14514,37.45815],[-122.1459,37.45782],[-122.1462,37.45679],[-122.14748,37.4565],[-122.14874,37.45709],[-122.1518,37.45706],[-122.15254,37.45768],[-122.15442,37.45588],[-122.15591,37.45553],[-122.15579,37.45413],[-122.15685,37.45422],[-122.15769,37.45349],[-122.15868,37.45369],[-122.15919,37.45464],[-122.16044,37.45468],[-122.16093,37.4538],[-122.16277,37.45384],[-122.16411,37.45246],[-122.16516,37.45298],[-122.16595,37.45077],[-122.16762,37.45078],[-122.16763,37.4489],[-122.16875,37.44743],[-122.16944,37.4478],[-122.17182,37.4467],[-122.17452,37.44447],[-122.1757,37.44188],[-122.17784,37.44108],[-122.17979,37.44102],[-122.17942,37.44003],[-122.18014,37.43931],[-122.1823,37.43936],[-122.18349,37.43692],[-122.18342,37.43571],[-122.18442,37.43423],[-122.18765,37.43331],[-122.18841,37.43206],[-122.19053,37.43129],[-122.18944,37.42746],[-122.19131,37.42519],[-122.19058,37.424],[-122.18838,37.42247],[-122.18792,37.42019],[-122.18856,37.41917],[-122.19027,37.41848],[-122.1893,37.41726],[-122.18779,37.4171],[-122.18716,37.41634],[-122.18765,37.41475],[-122.19234,37.41391],[-122.19213,37.41294],[-122.19383,37.41128],[-122.19454,37.40794],[-122.19261,37.40419],[-122.19227,37.40071],[-122.19149,37.39876],[-122.19185,37.39719],[-122.19122,37.39558],[-122.19002,37.39486],[-122.19017,37.39287],[-122.18957,37.39128],[-122.19057,37.39053],[-122.19032,37.38912],[-122.19102,37.38876],[-122.19113,37.38815],[-122.19077,37.3869],[-122.19108,37.38604],[-122.19051,37.38525],[-122.19372,37.38225],[-122.1969,37.37654],[-122.19916,37.37472],[-122.19936,37.37262],[-122.20071,37.37196],[-122.2016,37.36801],[-122.20149,37.36578],[-122.2026,37.36322]]]}},{"type":"Feature","properties":{"county":"Solano"},"geometry":{"type":"Polygon","coordinates":[[[-121.8616,38.06989],[-121.85761,38.07197],[-121.85291,38.07285],[-121.84244,38.07673],[-121.83761,38.07438],[-121.8322,38.06944],[-121.82792,38.06622],[-121.81081,38.06077],[-121.80524,38.05965],[-121.80012,38.05965],[-121.7964,38.06085],[-121.76683,38.07595],[-121.75567,38.08067],[-121.74316,38.08723],[-121.7414,38.08714],[-121.73489,38.08374],[-121.73182,38.08263],[-121.72935,38.08235],[-121.71796,38.08368],[-121.71393,38.08454],[-121.71213,38.08552],[-121.71002,38.08771],[-121.70844,38.09148],[-121.70722,38.10985],[-121.70517,38.11381],[-121.69838,38.12129],[-121.69579,38.12552],[-121.6921,38.13313],[-121.68996,38.14199],[-121.6877,38.14683],[-121.68705,38.15187],[-121.68587,38.15459],[-121.68565,38.15964],[-121.68457,38.16076],[-121.68033,38.16281],[-121.67799,38.16491],[-121.67163,38.17248],[-121.66817,38.1752],[-121.66635,38.17857],[-121.66291,38.18187],[-121.65511,38.18311],[-121.64657,38.18604],[-121.64213,38.19002],[-121.6323,38.19425],[-121.62281,38.19328],[-121.61541,38.1957],[-121.6135,38.19754],[-121.61172,38.20096],[-121.61111,38.20295],[-121.6113,38.2063],[-121.61041,38.20837],[-121.60798,38.21287],[-121.60244,38.22041],[-121.602,38.22265],[-121.60273,38.2258],[-121.60249,38.23272],[-121.60321,38.23728],[-121.60182,38.24471],[-121.60209,38.25199],[-121.60075,38.25422],[-121.60025,38.25782],[-121.60154,38.26399],[-121.60399,38.2707],[-121.60151,38.27572],[-121.60073,38.27837],[-121.60145,38.2813],[-121.60542,38.2857],[-121.60395,38.28951],[-121.60526,38.29535],[-121.60451,38.2974],[-121.59991,38.30152],[-121.59972,38.30458],[-121.59758,38.30718],[-121.59865,38.30989],[-121.59327,38.31309],[-121.6937,38.31373],[-121.69389,38.31418],[-121.69405,38.32826],[-121.69446,38.32962],[-121.69376,38.36017],[-121.69364,38.4876],[-121.6958,38.48762],[-121.69515,38.52316],[-121.69468,38.52705],[-121.69731,38.52685],[-121.70074,38.52743],[-121.70227,38.52899],[-121.70287,38.52893],[-121.7034,38.53029],[-121.70435,38.53042],[-121.70466,38.53219],[-121.70614,38.53203],[-121.70635,38.53344],[-121.70736,38.53489],[-121.70814,38.53544],[-121.7098,38.53539],[-121.71089,38.53743],[-121.71203,38.53796],[-121.71982,38.53522],[-121.7222,38.53487],[-121.72569,38.53616],[-121.73176,38.53612],[-121.73439,38.53749],[-121.73867,38.53763],[-121.7438,38.53349],[-121.74665,38.53183],[-121.75087,38.53036],[-121.7572,38.52951],[-121.7651,38.52586],[-121.76639,38.52592],[-121.76774,38.52664],[-121.76839,38.52786],[-121.7685,38.53082],[-121.77068,38.53223],[-121.77168,38.5323],[-121.77635,38.53019],[-121.7797,38.52991],[-121.78303,38.52701],[-121.78373,38.52449],[-121.78356,38.52329],[-121.78581,38.52307],[-121.79476,38.52694],[-121.80921,38.52688],[-121.81333,38.52602],[-121.82514,38.5293],[-121.83256,38.52976],[-121.83929,38.53337],[-121.84406,38.53524],[-121.84941,38.53673],[-121.85456,38.53694],[-121.85729,38.5381],[-121.86012,38.53851],[-121.86338,38.53826],[-121.86668,38.53736],[-121.87172,38.53848],[-121.87982,38.53799],[-121.88444,38.53903],[-121.88842,38.53782],[-121.89113,38.5351],[-121.89378,38.53343],[-121.90048,38.53238],[-121.90897,38.52958],[-121.92532,38.5297],[-121.94107,38.53326],[-121.94242,38.53247],[-121.94462,38.52893],[-121.94746,38.5271],[-121.95402,38.52551],[-121.95812,38.52359],[-121.96361,38.5228],[-121.96556,38.52119],[-121.96805,38.51999],[-121.97069,38.51578],[-121.9747,38.51365],[-121.97634,38.51035],[-121.97807,38.50828],[-121.98543,38.50566],[-121.98556,38.50362],[-121.98657,38.50299],[-121.98858,38.50275],[-121.99079,38.50143],[-121.99593,38.50042],[-121.99698,38.49855],[-122.00162,38.49549],[-122.00308,38.4939],[-122.00518,38.49379],[-122.0093,38.49155],[-122.01153,38.48907],[-122.01354,38.48871],[-122.01894,38.48929],[-122.02279,38.49114],[-122.03083,38.49361],[-122.03557,38.49612],[-122.03641,38.49679],[-122.03713,38.49831],[-122.03844,38.49906],[-122.04118,38.50404],[-122.04157,38.50571],[-122.04418,38.50772],[-122.04552,38.50789],[-122.05741,38.51744],[-122.05869,38.51709],[-122.05979,38.51607],[-122.07138,38.51385],[-122.07998,38.51403],[-122.08213,38.51499],[-122.08686,38.51448],[-122.09078,38.516],[-122.09227,38.51553],[-122.09316,38.51396],[-122.09502,38.51306],[-122.10413,38.51336],[-122.10362,38.51228],[-122.10384,38.51018],[-122.10628,38.50831],[-122.10614,38.50695],[-122.10543,38.50597],[-122.10563,38.5012],[-122.10718,38.49451],[-122.1054,38.49326],[-122.10466,38.49086],[-122.10569,38.4903],[-122.10685,38.48709],[-122.10827,38.48626],[-122.10904,38.48197],[-122.11025,38.48049],[-122.11099,38.47747],[-122.11313,38.4751],[-122.11524,38.468],[-122.11911,38.46073],[-122.12083,38.4536],[-122.12215,38.45075],[-122.12322,38.44957],[-122.12384,38.44628],[-122.12529,38.44274],[-122.12502,38.44058],[-122.12593,38.43871],[-122.1259,38.43709],[-122.12663,38.43545],[-122.12616,38.43299],[-122.12657,38.43251],[-122.12614,38.42746],[-122.1252,38.42416],[-122.12358,38.42323],[-122.12277,38.42137],[-122.12181,38.4209],[-122.11987,38.41839],[-122.11952,38.41689],[-122.11772,38.414],[-122.11465,38.41402],[-122.11507,38.41226],[-122.11396,38.41214],[-122.11257,38.41072],[-122.11227,38.4097],[-122.10971,38.40744],[-122.10947,38.4045],[-122.10173,38.39706],[-122.09835,38.39261],[-122.09278,38.38852],[-122.09034,38.38545],[-122.08913,38.38463],[-122.08607,38.3805],[-122.08452,38.37511],[-122.07947,38.36738],[-122.07774,38.36382],[-122.07613,38.36383],[-122.0736,38.36155],[-122.07312,38.36032],[-122.07329,38.35688],[-122.07187,38.35519],[-122.07165,38.35387],[-122.07046,38.35307],[-122.07054,38.35241],[-122.06962,38.35094],[-122.07058,38.34981],[-122.07028,38.34909],[-122.07093,38.34844],[-122.07078,38.34605],[-122.06965,38.3444],[-122.06978,38.34281],[-122.0657,38.33433],[-122.06463,38.33327],[-122.06337,38.33353],[-122.06238,38.33197],[-122.06152,38.32959],[-122.06161,38.32613],[-122.06235,38.32506],[-122.06353,38.32492],[-122.06525,38.32349],[-122.06557,38.32154],[-122.0664,38.32104],[-122.06652,38.32027],[-122.06802,38.31864],[-122.06535,38.31726],[-122.06484,38.31591],[-122.20607,38.31577],[-122.20599,38.31423],[-122.20449,38.31164],[-122.20083,38.30956],[-122.20275,38.30508],[-122.20258,38.30417],[-122.20079,38.3035],[-122.20039,38.30237],[-122.19908,38.30185],[-122.19884,38.30124],[-122.19902,38.30012],[-122.20002,38.29958],[-122.20043,38.29846],[-122.20169,38.29746],[-122.2022,38.29547],[-122.2035,38.2942],[-122.20338,38.29335],[-122.20125,38.2928],[-122.20132,38.28988],[-122.19963,38.28805],[-122.19943,38.28666],[-122.19847,38.28626],[-122.19809,38.2849],[-122.19668,38.28441],[-122.1964,38.28289],[-122.19503,38.28138],[-122.19413,38.28097],[-122.1925,38.27896],[-122.19012,38.27753],[-122.19109,38.2759],[-122.18982,38.27439],[-122.18905,38.27234],[-122.1882,38.27173],[-122.19126,38.27131],[-122.19291,38.27174],[-122.19431,38.27093],[-122.19742,38.27297],[-122.19891,38.2722],[-122.20258,38.27245],[-122.20565,38.27191],[-122.20827,38.2725],[-122.20975,38.27175],[-122.21206,38.27311],[-122.21337,38.27149],[-122.21474,38.26741],[-122.21612,38.26624],[-122.2166,38.26466],[-122.21627,38.2635],[-122.21661,38.26252],[-122.21364,38.26046],[-122.21309,38.25925],[-122.20817,38.25885],[-122.20688,38.25931],[-122.20434,38.2588],[-122.20325,38.25979],[-122.20249,38.25925],[-122.19728,38.25887],[-122.19383,38.25745],[-122.19328,38.25642],[-122.19476,38.25519],[-122.19403,38.25305],[-122.19461,38.25184],[-122.19654,38.25084],[-122.19958,38.25124],[-122.20145,38.24892],[-122.20182,38.24938],[-122.20393,38.24918],[-122.20577,38.25118],[-122.20748,38.25089],[-122.20892,38.25124],[-122.21127,38.25281],[-122.21128,38.25174],[-122.21193,38.2508],[-122.21222,38.24879],[-122.20988,38.24687],[-122.20904,38.24455],[-122.20784,38.24393],[-122.20696,38.24449],[-122.20509,38.24411],[-122.20407,38.24105],[-122.2015,38.24015],[-122.20115,38.2379],[-122.19911,38.23468],[-122.19699,38.23268],[-122.19694,38.23126],[-122.19599,38.23078],[-122.19623,38.22936],[-122.19526,38.22777],[-122.19509,38.226],[-122.19301,38.22312],[-122.1932,38.22133],[-122.19594,38.21964],[-122.19632,38.21807],[-122.19628,38.21641],[-122.19419,38.21503],[-122.19392,38.21371],[-122.19558,38.21214],[-122.19743,38.21196],[-122.19948,38.21068],[-122.19972,38.2098],[-122.20167,38.20751],[-122.20383,38.20635],[-122.2045,38.20545],[-122.20543,38.20375],[-122.20515,38.20161],[-122.20553,38.20099],[-122.20464,38.19898],[-122.20484,38.19837],[-122.20579,38.19803],[-122.20569,38.19633],[-122.21054,38.19358],[-122.21155,38.19198],[-122.20931,38.19046],[-122.20932,38.19005],[-122.2152,38.18881],[-122.21403,38.18558],[-122.213,38.18431],[-122.21352,38.18357],[-122.21349,38.18113],[-122.21508,38.17972],[-122.21328,38.1774],[-122.21171,38.17658],[-122.21111,38.17466],[-122.20924,38.17357],[-122.20898,38.17289],[-122.205,38.17302],[-122.20332,38.17256],[-122.20293,38.1716],[-122.20344,38.16878],[-122.20111,38.16831],[-122.19815,38.16862],[-122.19533,38.16725],[-122.19489,38.16648],[-122.19507,38.16573],[-122.19397,38.16507],[-122.19588,38.16329],[-122.19883,38.15933],[-122.19748,38.15687],[-122.19538,38.15502],[-122.40697,38.15565],[-122.39114,38.13265],[-122.3878,38.12492],[-122.34745,38.07326],[-122.27838,38.06142],[-122.26535,38.05992],[-122.24525,38.06397],[-122.22799,38.06121],[-122.20085,38.05793],[-122.18386,38.054],[-122.1761,38.04777],[-122.16758,38.03672],[-122.16458,38.03472],[-122.15893,38.03325],[-122.14858,38.03172],[-122.14153,38.03186],[-122.13154,38.03449],[-122.12397,38.03572],[-122.12099,38.03799],[-122.09873,38.04746],[-122.09313,38.04927],[-122.08875,38.05009],[-122.07743,38.054],[-122.0673,38.06008],[-122.0611,38.06214],[-122.05087,38.0602],[-122.03626,38.0602],[-122.02841,38.05919],[-122.01518,38.06348],[-121.98316,38.0673],[-121.97744,38.06684],[-121.97228,38.06554],[-121.96221,38.06137],[-121.95568,38.05782],[-121.95092,38.05498],[-121.95091,38.05392],[-121.931,38.04761],[-121.92079,38.04573],[-121.91014,38.04496],[-121.89333,38.04618],[-121.88018,38.04871],[-121.87474,38.05068],[-121.8711,38.05303],[-121.8674,38.05689],[-121.86365,38.06238],[-121.86264,38.06493],[-121.86254,38.06795],[-121.8616,38.06989]]]}},{"type":"Feature","properties":{"county":"Sonoma"},"geometry":{"type":"Polygon","coordinates":[[[-122.63507,38.58301],[-122.63543,38.58577],[-122.63499,38.58639],[-122.63764,38.58813],[-122.63807,38.5892],[-122.63986,38.59001],[-122.64235,38.59391],[-122.64362,38.59462],[-122.64389,38.59613],[-122.6452,38.59774],[-122.64661,38.59808],[-122.64661,38.59911],[-122.64425,38.60164],[-122.6446,38.60294],[-122.64281,38.60487],[-122.64172,38.60485],[-122.64172,38.60556],[-122.63906,38.6092],[-122.64015,38.6102],[-122.63975,38.61173],[-122.63701,38.61293],[-122.63636,38.61398],[-122.63473,38.61457],[-122.63345,38.61619],[-122.63376,38.61992],[-122.62837,38.62268],[-122.62935,38.62715],[-122.63251,38.62796],[-122.6317,38.63037],[-122.6319,38.632],[-122.6341,38.63755],[-122.63318,38.6401],[-122.62729,38.64461],[-122.62759,38.64551],[-122.62695,38.64756],[-122.6242,38.64981],[-122.6231,38.65352],[-122.62327,38.65458],[-122.624,38.6554],[-122.62394,38.65715],[-122.62438,38.65803],[-122.62388,38.65948],[-122.62412,38.66022],[-122.62319,38.66255],[-122.62336,38.66461],[-122.62634,38.66673],[-122.62764,38.66862],[-122.6291,38.66925],[-122.63346,38.66925],[-122.62677,38.67078],[-122.62578,38.67219],[-122.62546,38.6744],[-122.62761,38.67722],[-122.62993,38.67935],[-122.63159,38.68023],[-122.63311,38.68219],[-122.6339,38.68528],[-122.63566,38.68591],[-122.6395,38.68906],[-122.63836,38.69259],[-122.63705,38.69373],[-122.63991,38.69498],[-122.64057,38.69725],[-122.64431,38.69957],[-122.64442,38.70157],[-122.64386,38.70258],[-122.64494,38.70269],[-122.64622,38.70456],[-122.64657,38.70618],[-122.6475,38.70693],[-122.6499,38.70661],[-122.65409,38.70701],[-122.65738,38.70608],[-122.6598,38.70647],[-122.66219,38.70594],[-122.66327,38.70698],[-122.6647,38.70743],[-122.66577,38.70696],[-122.6694,38.70837],[-122.67233,38.70627],[-122.67423,38.70635],[-122.67683,38.70799],[-122.68012,38.7076],[-122.68241,38.70791],[-122.68335,38.7084],[-122.68388,38.70949],[-122.69184,38.71095],[-122.69356,38.71296],[-122.69545,38.71309],[-122.69532,38.71431],[-122.69739,38.71895],[-122.69625,38.7201],[-122.69769,38.72191],[-122.69862,38.72474],[-122.70072,38.72631],[-122.7002,38.7272],[-122.70067,38.72856],[-122.70376,38.73053],[-122.70888,38.73216],[-122.71038,38.73208],[-122.71118,38.73448],[-122.71086,38.73546],[-122.71161,38.73623],[-122.712,38.73763],[-122.71112,38.74021],[-122.71233,38.74223],[-122.71103,38.74361],[-122.71079,38.74466],[-122.70877,38.7464],[-122.70932,38.74902],[-122.71072,38.74935],[-122.7117,38.75076],[-122.71514,38.75188],[-122.7166,38.75188],[-122.71714,38.75276],[-122.72008,38.75355],[-122.72151,38.75658],[-122.72416,38.75656],[-122.72304,38.75864],[-122.72364,38.76064],[-122.72269,38.76301],[-122.72388,38.76312],[-122.72456,38.76428],[-122.72544,38.76442],[-122.72714,38.76608],[-122.72834,38.76622],[-122.72835,38.7686],[-122.72954,38.7707],[-122.73269,38.7709],[-122.73455,38.77261],[-122.73473,38.77344],[-122.73589,38.7745],[-122.73545,38.77504],[-122.73642,38.77683],[-122.73534,38.77789],[-122.73802,38.78104],[-122.7393,38.78204],[-122.74236,38.78241],[-122.74444,38.78532],[-122.74822,38.7878],[-122.74799,38.78923],[-122.74745,38.78981],[-122.74815,38.79059],[-122.74812,38.79192],[-122.74679,38.79364],[-122.74681,38.79826],[-122.7462,38.79925],[-122.74818,38.80383],[-122.75431,38.8058],[-122.75884,38.80784],[-122.75975,38.80843],[-122.76055,38.81054],[-122.76135,38.81118],[-122.76761,38.81387],[-122.76636,38.81507],[-122.76661,38.81578],[-122.76883,38.8166],[-122.77029,38.81957],[-122.77204,38.82026],[-122.77248,38.82153],[-122.77542,38.82207],[-122.78019,38.82684],[-122.78399,38.82758],[-122.78614,38.82734],[-122.78937,38.83033],[-122.79056,38.83002],[-122.79139,38.83043],[-122.79287,38.8322],[-122.79344,38.83374],[-122.79538,38.83585],[-122.79539,38.83663],[-122.79584,38.83684],[-122.79531,38.83807],[-122.79599,38.83895],[-122.79831,38.83933],[-122.7998,38.83698],[-122.8056,38.83667],[-122.80623,38.83623],[-122.8065,38.83686],[-122.80867,38.83664],[-122.80898,38.83755],[-122.81209,38.83841],[-122.812,38.83991],[-122.81106,38.84132],[-122.81214,38.84291],[-122.81653,38.84374],[-122.81831,38.84458],[-122.81667,38.84762],[-122.81765,38.84984],[-122.81972,38.84901],[-122.82159,38.85014],[-122.82488,38.85018],[-122.94252,38.85043],[-122.98002,38.85147],[-123.00692,38.85125],[-123.02767,38.85292],[-123.06211,38.85228],[-123.081,38.85244],[-123.08123,38.83841],[-123.11803,38.83955],[-123.13664,38.83945],[-123.13625,38.80914],[-123.27176,38.8084],[-123.28168,38.8075],[-123.29463,38.8072],[-123.36839,38.80664],[-123.36824,38.77707],[-123.43108,38.77662],[-123.49704,38.7786],[-123.49916,38.77833],[-123.49956,38.77737],[-123.49926,38.77471],[-123.49993,38.77384],[-123.50222,38.77444],[-123.50523,38.77428],[-123.50704,38.77353],[-123.50988,38.76739],[-123.51463,38.76848],[-123.51634,38.76778],[-123.51815,38.76356],[-123.51894,38.75937],[-123.5202,38.75859],[-123.52162,38.75888],[-123.52563,38.76291],[-123.52851,38.76441],[-123.53322,38.76844],[-123.6325,38.75812],[-123.62612,38.75465],[-123.6152,38.74991],[-123.60706,38.74857],[-123.59196,38.74023],[-123.58691,38.72808],[-123.578,38.71758],[-123.56609,38.70902],[-123.54946,38.70014],[-123.53189,38.69342],[-123.52301,38.68752],[-123.51058,38.68089],[-123.5039,38.67291],[-123.49867,38.66894],[-123.49508,38.66066],[-123.48854,38.65147],[-123.47737,38.64223],[-123.47052,38.63858],[-123.46562,38.62885],[-123.46037,38.62271],[-123.45616,38.61479],[-123.44839,38.60629],[-123.43715,38.59789],[-123.43049,38.59167],[-123.42539,38.58284],[-123.405,38.56282],[-123.39416,38.55394],[-123.3891,38.54615],[-123.38457,38.53702],[-123.37612,38.52681],[-123.36093,38.5102],[-123.34853,38.50424],[-123.33092,38.50242],[-123.33073,38.49991],[-123.32381,38.49861],[-123.31735,38.48864],[-123.30674,38.47868],[-123.28969,38.46758],[-123.28133,38.4645],[-123.2803,38.46346],[-123.26919,38.45757],[-123.25112,38.45208],[-123.24199,38.45053],[-123.23639,38.45043],[-123.23475,38.44842],[-123.22801,38.44423],[-123.22022,38.44195],[-123.21138,38.43082],[-123.20407,38.4239],[-123.19616,38.41011],[-123.18846,38.40286],[-123.17997,38.39746],[-123.17171,38.39408],[-123.1681,38.39044],[-123.16476,38.38834],[-123.15985,38.37492],[-123.15574,38.3684],[-123.15049,38.36169],[-123.14629,38.35761],[-123.14273,38.3553],[-123.14272,38.35416],[-123.14001,38.3506],[-123.13431,38.34579],[-123.13832,38.33719],[-123.141,38.32745],[-123.14133,38.31134],[-123.13452,38.29626],[-123.12612,38.29556],[-123.00273,38.29571],[-123.00111,38.29745],[-122.99773,38.29872],[-122.99484,38.29905],[-122.99358,38.30008],[-122.99414,38.30399],[-122.99513,38.30571],[-122.99475,38.30619],[-122.99313,38.30644],[-122.99112,38.30558],[-122.98771,38.30812],[-122.98474,38.30795],[-122.98413,38.30822],[-122.98316,38.31041],[-122.98161,38.31113],[-122.97716,38.31093],[-122.97432,38.31151],[-122.97108,38.30994],[-122.97004,38.31013],[-122.96905,38.3108],[-122.96836,38.31272],[-122.96751,38.31365],[-122.96731,38.31599],[-122.96612,38.31697],[-122.96162,38.31665],[-122.95602,38.31373],[-122.95171,38.31325],[-122.94934,38.31188],[-122.94675,38.31121],[-122.94531,38.31145],[-122.94403,38.31267],[-122.93971,38.31085],[-122.9375,38.31207],[-122.93732,38.31313],[-122.93426,38.31401],[-122.9338,38.31359],[-122.93399,38.31296],[-122.93622,38.31217],[-122.93682,38.31118],[-122.93665,38.31039],[-122.93538,38.3096],[-122.93244,38.31174],[-122.92841,38.3128],[-122.92564,38.31274],[-122.92381,38.31152],[-122.9227,38.30884],[-122.92159,38.30855],[-122.91802,38.31027],[-122.91768,38.31167],[-122.91648,38.31281],[-122.91689,38.3134],[-122.91964,38.31465],[-122.92095,38.31684],[-122.91816,38.31779],[-122.91596,38.32032],[-122.9125,38.32036],[-122.91108,38.32123],[-122.90811,38.32075],[-122.90666,38.31994],[-122.90723,38.31873],[-122.91016,38.31789],[-122.91088,38.31709],[-122.9095,38.31439],[-122.90816,38.31429],[-122.90231,38.31684],[-122.89993,38.31679],[-122.89844,38.31452],[-122.7399,38.20702],[-122.72299,38.20713],[-122.71771,38.20501],[-122.71504,38.2034],[-122.71434,38.20122],[-122.70601,38.19829],[-122.70444,38.19846],[-122.7027,38.19773],[-122.70139,38.1961],[-122.69902,38.1963],[-122.69633,38.19523],[-122.69207,38.19502],[-122.6908,38.19446],[-122.68792,38.19474],[-122.68645,38.19424],[-122.68641,38.19367],[-122.68387,38.19187],[-122.68263,38.19161],[-122.68056,38.18963],[-122.6766,38.18977],[-122.67545,38.18899],[-122.67288,38.18983],[-122.66716,38.1897],[-122.66625,38.18858],[-122.66401,38.1872],[-122.6639,38.1864],[-122.65861,38.18678],[-122.65523,38.18497],[-122.65373,38.18484],[-122.65253,38.18342],[-122.64924,38.18113],[-122.6429,38.18104],[-122.63795,38.18025],[-122.63578,38.17865],[-122.62818,38.17889],[-122.62701,38.17989],[-122.62712,38.18055],[-122.62601,38.18088],[-122.6257,38.18234],[-122.62396,38.18202],[-122.62265,38.18262],[-122.62146,38.18192],[-122.62018,38.18265],[-122.61511,38.18235],[-122.6125,38.18059],[-122.61,38.1813],[-122.6087,38.18077],[-122.60411,38.18063],[-122.60334,38.18098],[-122.60164,38.18334],[-122.6009,38.18528],[-122.5979,38.18735],[-122.59658,38.1874],[-122.59493,38.18838],[-122.59281,38.18878],[-122.59146,38.18763],[-122.59184,38.18653],[-122.59089,38.18594],[-122.59009,38.18608],[-122.58979,38.18663],[-122.5881,38.18654],[-122.58662,38.18784],[-122.58451,38.18807],[-122.5833,38.18698],[-122.58212,38.18802],[-122.58196,38.18617],[-122.5798,38.18554],[-122.5782,38.18358],[-122.57069,38.18352],[-122.57064,38.1844],[-122.57241,38.18526],[-122.57319,38.18632],[-122.5725,38.18707],[-122.57059,38.18712],[-122.56893,38.18452],[-122.56528,38.18271],[-122.5652,38.18182],[-122.56629,38.17942],[-122.56849,38.17702],[-122.56446,38.17508],[-122.56399,38.17352],[-122.56426,38.17069],[-122.56319,38.16932],[-122.55924,38.16862],[-122.55432,38.17011],[-122.55329,38.16998],[-122.55198,38.169],[-122.55196,38.16815],[-122.55296,38.16703],[-122.55599,38.16547],[-122.55799,38.16353],[-122.55843,38.16197],[-122.55792,38.16016],[-122.55592,38.15899],[-122.54961,38.15729],[-122.5476,38.15747],[-122.54569,38.15866],[-122.54447,38.15872],[-122.5415,38.15518],[-122.53483,38.1492],[-122.53156,38.14715],[-122.52396,38.14351],[-122.5201,38.1407],[-122.51595,38.13645],[-122.51314,38.13223],[-122.51183,38.12844],[-122.51129,38.12492],[-122.50793,38.1181],[-122.5049,38.11473],[-122.5019,38.11242],[-122.49906,38.11135],[-122.49335,38.11055],[-122.45199,38.09852],[-122.34745,38.07326],[-122.3878,38.12492],[-122.39114,38.13265],[-122.40697,38.15565],[-122.40751,38.15781],[-122.40611,38.15938],[-122.404,38.16041],[-122.39682,38.16145],[-122.38477,38.16096],[-122.37917,38.15984],[-122.37258,38.15771],[-122.37112,38.15772],[-122.36756,38.15879],[-122.36621,38.16086],[-122.36558,38.16603],[-122.36649,38.16943],[-122.36954,38.17452],[-122.36967,38.17752],[-122.36865,38.18267],[-122.3679,38.18346],[-122.36605,38.18385],[-122.36282,38.18343],[-122.35958,38.18179],[-122.35789,38.18261],[-122.35707,38.18617],[-122.35705,38.19063],[-122.35818,38.19274],[-122.36054,38.19506],[-122.36077,38.19618],[-122.36026,38.19712],[-122.35778,38.19767],[-122.35513,38.19686],[-122.35056,38.1927],[-122.34956,38.19397],[-122.35085,38.19693],[-122.35039,38.20055],[-122.35068,38.20183],[-122.35228,38.20267],[-122.35263,38.20377],[-122.35432,38.20565],[-122.35638,38.2068],[-122.35753,38.20887],[-122.35996,38.21015],[-122.36152,38.21005],[-122.361,38.21139],[-122.36191,38.21173],[-122.36313,38.21322],[-122.36234,38.21378],[-122.36274,38.21482],[-122.36415,38.21528],[-122.36363,38.2195],[-122.36468,38.22247],[-122.36538,38.22288],[-122.36449,38.22355],[-122.36529,38.22457],[-122.36537,38.22619],[-122.3636,38.22761],[-122.36367,38.23124],[-122.36457,38.23317],[-122.36547,38.2338],[-122.36562,38.23568],[-122.36342,38.23903],[-122.36376,38.24061],[-122.3647,38.24104],[-122.36531,38.24599],[-122.36671,38.24728],[-122.36919,38.24736],[-122.36991,38.24661],[-122.37003,38.24487],[-122.3707,38.24427],[-122.37261,38.24366],[-122.37386,38.24386],[-122.37301,38.24721],[-122.37409,38.24797],[-122.37682,38.24854],[-122.37734,38.24974],[-122.37888,38.25013],[-122.37962,38.25085],[-122.38093,38.25291],[-122.38208,38.2538],[-122.38434,38.25446],[-122.38559,38.25672],[-122.38748,38.25802],[-122.3876,38.25868],[-122.38823,38.25872],[-122.38982,38.2608],[-122.38897,38.26439],[-122.3894,38.26513],[-122.38882,38.2672],[-122.38926,38.26821],[-122.38788,38.26972],[-122.38832,38.27194],[-122.38736,38.27266],[-122.3876,38.27376],[-122.38844,38.27449],[-122.39022,38.27428],[-122.39194,38.27337],[-122.39345,38.27366],[-122.394,38.27322],[-122.39397,38.27244],[-122.39641,38.27122],[-122.40036,38.27455],[-122.40226,38.2786],[-122.40474,38.2817],[-122.4023,38.28427],[-122.40129,38.28677],[-122.40175,38.28826],[-122.40016,38.28968],[-122.40061,38.29051],[-122.40169,38.29065],[-122.40144,38.29241],[-122.40241,38.29397],[-122.40169,38.29535],[-122.40267,38.29828],[-122.40377,38.29985],[-122.40174,38.30245],[-122.40033,38.30324],[-122.3976,38.30353],[-122.39469,38.30461],[-122.3963,38.30909],[-122.40159,38.3138],[-122.40279,38.31669],[-122.40273,38.31764],[-122.40361,38.31777],[-122.40447,38.31873],[-122.40372,38.31979],[-122.40476,38.32067],[-122.40537,38.32204],[-122.40655,38.32183],[-122.40737,38.3213],[-122.40756,38.32045],[-122.40871,38.32001],[-122.4098,38.32235],[-122.41004,38.32426],[-122.40958,38.32573],[-122.41152,38.32709],[-122.41226,38.329],[-122.41393,38.33077],[-122.41204,38.33429],[-122.41299,38.33465],[-122.41455,38.33652],[-122.41757,38.33756],[-122.41748,38.33979],[-122.41833,38.33968],[-122.41995,38.33826],[-122.42147,38.33965],[-122.42145,38.34073],[-122.42272,38.3415],[-122.42273,38.34256],[-122.42521,38.34559],[-122.42668,38.34615],[-122.42756,38.34568],[-122.42682,38.34903],[-122.42928,38.34948],[-122.42933,38.351],[-122.43085,38.35236],[-122.43208,38.35271],[-122.43321,38.35386],[-122.43668,38.35514],[-122.43741,38.35689],[-122.43949,38.3581],[-122.44228,38.35904],[-122.44423,38.35863],[-122.44698,38.35908],[-122.44966,38.36114],[-122.45248,38.36236],[-122.45404,38.36431],[-122.45446,38.36579],[-122.45569,38.36619],[-122.45732,38.36774],[-122.45691,38.37069],[-122.45544,38.37161],[-122.45364,38.37411],[-122.45272,38.37433],[-122.45196,38.37521],[-122.45037,38.37463],[-122.44898,38.37516],[-122.44881,38.37685],[-122.44795,38.37877],[-122.44812,38.37951],[-122.44925,38.38033],[-122.45046,38.38026],[-122.45134,38.38113],[-122.45412,38.38215],[-122.45473,38.38274],[-122.45408,38.38398],[-122.45444,38.385],[-122.45699,38.38675],[-122.46066,38.38844],[-122.46365,38.38895],[-122.46584,38.39022],[-122.46789,38.39382],[-122.46889,38.39429],[-122.46935,38.39619],[-122.47028,38.39672],[-122.47027,38.39762],[-122.468,38.40013],[-122.4692,38.40051],[-122.47096,38.4025],[-122.47025,38.40393],[-122.47055,38.40495],[-122.47467,38.40588],[-122.4761,38.40792],[-122.47555,38.40928],[-122.47716,38.41034],[-122.47798,38.41022],[-122.47922,38.41211],[-122.48103,38.4128],[-122.48141,38.41357],[-122.48393,38.4153],[-122.48769,38.41676],[-122.48898,38.41767],[-122.4901,38.41949],[-122.49225,38.42039],[-122.49491,38.42325],[-122.49564,38.42363],[-122.49705,38.42345],[-122.49791,38.42458],[-122.49645,38.4262],[-122.49629,38.42735],[-122.49336,38.42934],[-122.49395,38.43069],[-122.49342,38.43201],[-122.49194,38.43347],[-122.49166,38.4346],[-122.48871,38.43593],[-122.488,38.43646],[-122.48779,38.43741],[-122.48698,38.43736],[-122.48591,38.4382],[-122.48639,38.43908],[-122.48558,38.44035],[-122.48581,38.44144],[-122.48493,38.44121],[-122.48427,38.443],[-122.48321,38.44395],[-122.4831,38.44598],[-122.48231,38.44767],[-122.48003,38.44917],[-122.47983,38.45127],[-122.48162,38.45172],[-122.48284,38.45297],[-122.48604,38.45283],[-122.48784,38.45373],[-122.48814,38.45443],[-122.49223,38.45459],[-122.49269,38.45606],[-122.49362,38.45685],[-122.49474,38.45609],[-122.49794,38.45542],[-122.50262,38.45628],[-122.50393,38.45727],[-122.50581,38.45712],[-122.50822,38.45771],[-122.50957,38.45742],[-122.50977,38.45818],[-122.50857,38.45918],[-122.50855,38.46032],[-122.50973,38.46216],[-122.50791,38.46448],[-122.50609,38.46411],[-122.50582,38.4647],[-122.5097,38.46733],[-122.51104,38.46716],[-122.51591,38.47088],[-122.51892,38.4705],[-122.52015,38.47141],[-122.52264,38.47018],[-122.52432,38.47053],[-122.52616,38.46969],[-122.5296,38.46957],[-122.53002,38.47257],[-122.52971,38.47369],[-122.53112,38.47597],[-122.53086,38.47725],[-122.53128,38.47854],[-122.53368,38.48132],[-122.53639,38.48271],[-122.53664,38.48393],[-122.53801,38.48547],[-122.53799,38.48673],[-122.54037,38.48867],[-122.54104,38.49209],[-122.54178,38.49319],[-122.54439,38.49517],[-122.5449,38.49629],[-122.54395,38.49826],[-122.54262,38.49909],[-122.53782,38.49816],[-122.53693,38.50035],[-122.53531,38.50169],[-122.53593,38.50228],[-122.53824,38.50227],[-122.5387,38.50302],[-122.54075,38.50308],[-122.54109,38.50397],[-122.54156,38.50408],[-122.5415,38.50519],[-122.54296,38.50626],[-122.54266,38.50716],[-122.54316,38.50749],[-122.54553,38.5068],[-122.54635,38.50783],[-122.54608,38.50891],[-122.54722,38.51034],[-122.54897,38.51131],[-122.55002,38.51118],[-122.54707,38.51258],[-122.54457,38.51258],[-122.54172,38.51328],[-122.54181,38.51414],[-122.54327,38.51582],[-122.5448,38.51614],[-122.54529,38.51671],[-122.54487,38.5175],[-122.54377,38.51744],[-122.54323,38.51803],[-122.54434,38.51917],[-122.54389,38.51997],[-122.54497,38.52084],[-122.54683,38.52116],[-122.54714,38.5226],[-122.55053,38.52199],[-122.5513,38.52305],[-122.55124,38.52418],[-122.55242,38.52535],[-122.55416,38.52617],[-122.55774,38.5257],[-122.56245,38.52709],[-122.56382,38.52537],[-122.5666,38.52555],[-122.56705,38.5267],[-122.56622,38.52815],[-122.56707,38.5287],[-122.56893,38.52888],[-122.57029,38.53],[-122.56952,38.53119],[-122.56997,38.53184],[-122.56955,38.53311],[-122.57081,38.53374],[-122.57111,38.53515],[-122.57248,38.53596],[-122.57232,38.53738],[-122.57371,38.53834],[-122.57403,38.54043],[-122.57719,38.54231],[-122.57971,38.54651],[-122.58139,38.54741],[-122.58229,38.54852],[-122.58215,38.5494],[-122.58585,38.54939],[-122.58629,38.55003],[-122.5858,38.5507],[-122.58611,38.55148],[-122.58729,38.55183],[-122.58731,38.55265],[-122.58844,38.55249],[-122.59023,38.55379],[-122.59322,38.5535],[-122.59509,38.55509],[-122.60102,38.55593],[-122.60132,38.55695],[-122.60274,38.5578],[-122.60316,38.55881],[-122.60587,38.55884],[-122.60808,38.5599],[-122.61108,38.55842],[-122.61432,38.55868],[-122.62085,38.56032],[-122.62071,38.5614],[-122.6212,38.56212],[-122.62083,38.5624],[-122.62101,38.56433],[-122.62042,38.56567],[-122.62206,38.56671],[-122.62268,38.56769],[-122.62415,38.56818],[-122.62545,38.56975],[-122.62666,38.5702],[-122.6288,38.57031],[-122.63086,38.56919],[-122.63183,38.56937],[-122.63258,38.57181],[-122.63169,38.57344],[-122.63189,38.57407],[-122.63091,38.57508],[-122.63192,38.57647],[-122.63019,38.5785],[-122.63124,38.57879],[-122.63161,38.57984],[-122.63342,38.58009],[-122.63486,38.58192],[-122.63507,38.58301]]]}}]}